OBJECTID,LICENSE_NUMBER,LICENSE_TYPE,SUB_DESCRIPTION,BUSINESS_NAME,BUSINESS_ADDRESS,EXPIRY_DATE
1,14 286590 07 1K,Food Shop,Basic,002423605 BULK BARN FOODS LTD O/A BULK BARN,1187 BARTON ST E U HAMILTON ON L8H 2V4,2022/09/10 00:00:00+00
2,19 296636 02 1K,Food Shop,Basic,002624480 ONTARIO INC O/A HEALTHY PLANET (HAMILTON),2180 RYMAL RD E  GLANBROOK ON,2022/09/16 00:00:00+00
3,15 124023 07 1K,Food Shop,Basic,1018188 ONT LTD O/A KERNEL'S POPCORN,999 UPPER WENTWORTH ST  HAMILTON ON L9A 4X5,2022/08/01 00:00:00+00
4,19 295529 02 1K,Food Shop,Basic,10375691 CANADA INC. O/A AFRICO GLOBAL MARKET,333 BARTON ST E  HAMILTON ON,2022/03/19 00:00:00+00
5,18 294816 02 1K,Food Shop,Basic,10820288 CANADA INC. O/A TOP DISCOUNT FOODS,969 UPPER OTTAWA ST  HAMILTON ON L8T 4V9,2022/02/06 00:00:00+00
6,18 295188 03 1K,Food Shop,Basic,11015966 CANADA INC. O/A BIG BEE CONVENIENCE,1557 MAIN ST E  HAMILTON ON,2022/11/29 00:00:00+00
7,18 295170 03 1K,Food Shop,Basic,1122630 ONTARIO LIMITED O/A S & H HEALTH FOODS,999 UPPER WENTWORTH ST  HAMILTON ON L9A 4X5,2022/11/15 00:00:00+00
8,19 296569 02 1K,Food Shop,Basic,11557351 CANADA INC. O/A SALVAGE'S VARIETY,315 YORK BLVD  HAMILTON ON L8R 3K5,2022/09/08 00:00:00+00
9,14 136191 07 1K,Food Shop,Basic,1208018 ONTARIO LIMITED O/A 4 SEASONS CONVENIENCE,990 UPPER WENTWORTH ST  HAMILTON ON L9A 4V9,2022/11/02 00:00:00+00
10,20 298092 01 1K,Food Shop,Basic,12117720 CANADA INC O/A SWIFT MART,234 GOVERNORS RD  DUNDAS ON,2022/09/29 00:00:00+00
11,20 297984 01 1K,Food Shop,Basic,12208679 CANADA INC O/A CORNER STORE 108,108 CUMBERLAND AVE  HAMILTON ON L8M 1Z3,2022/09/10 00:00:00+00
12,21 298706 00 1K,Food Shop,Basic,12312565 CANADA INC O/A LIQUIDATION & DISCOUNT OUTLET,773 MAIN ST E  HAMILTON ON L8M 1L3,2022/04/21 00:00:00+00
13,20 298387 01 1K,Food Shop,Basic,12324377 CANADA INC. O/A CROWN POINT MARKET,162 OTTAWA ST N  HAMILTON ON,2022/11/24 00:00:00+00
14,21 299121 00 1K,Food Shop,Caterer,1256049-6 O/A PINATA SMASH CAKE INC.,570 HWY 8  STONEY CREEK ON,2022/11/02 00:00:00+00
15,21 298664 00 1K,Food Shop,Basic,12674955 CANADA INC,581 CONCESSION ST  HAMILTON ON L8V 1B2,2022/02/19 00:00:00+00
16,16 290642 05 1K,Food Shop,Basic,1267797 ONTARIO LIMITED O/A MAC'S CONVENIENCE,1300 GARTH ST  HAMILTON ON L9C 4L7,2022/03/16 00:00:00+00
17,20 298242 01 1K,Food Shop,Basic,1282264 ONTARIO LTD   O/A LALY'S SMOKE SHOP,1003 FENNELL AVE E  HAMILTON ON L8T 1R1,2022/11/18 00:00:00+00
18,16 291313 05 1K,Food Shop,Basic,1284063 ONTARIO LIMITED O/A JAMES NORTH GENERAL STORE,95 JAMES ST N  HAMILTON ON,2022/08/30 00:00:00+00
19,21 299688 00 1K,Food Shop,Basic,1284063 ONTARIO LIMITED O/A JAMES NORTH GENERAL STORE,35 YORK BLVD  HAMILTON ON,2022/12/03 00:00:00+00
20,21 299469 00 1K,Food Shop,Basic,13116867 CANADA INC O/A RADFAN CONVENIENCE,11 STRATHCONA AVE N  HAMILTON ON L8R 3B8,2022/12/06 00:00:00+00
21,15 288196 06 1K,Food Shop,Basic,1316682 ONTARIO INC O/A UNO STOP CONVENIENCE,1447 UPPER OTTAWA ST 1 HAMILTON ON,2022/12/01 00:00:00+00
22,21 299694 00 1K,Food Shop,Basic,13340678 CANADA INC O/A GOLD DOOR VARIETY STORE,125 GAILMONT DR  HAMILTON ON L8K 4B8,2022/12/23 00:00:00+00
23,14 244951 07 1K,Food Shop,Basic,1349448 ONTARIO INC O/A GAGE MARKET,961 MAIN ST E  HAMILTON ON L8M 1N1,2022/11/17 00:00:00+00
24,14 275305 06 1K,Food Shop,Basic,1419696 ONTARIO INC. O/A HONEY BEE FOOD MART,25 REDMOND DR  HAMILTON ON L8W 3K7,2022/02/20 00:00:00+00
25,14 178011 07 1K,Food Shop,Basic,1498674 ONTARIO LTD  O/A ROCKLAND VARIETY,1001 RYMAL RD E  HAMILTON ON L8W 3M2,2022/05/07 00:00:00+00
26,22 299976 00 1K,Food Shop,Bake Shop,1521131 ONTARIO O/A CRISTINA'S CAKES INC.,129 EAST 23RD ST  HAMILTON ON L8V 2W9,2023/01/13 00:00:00+00
27,13 280308 07 1K,Food Shop,Butcher,1531553 ONTARIO LTD. O/A CUMBRAE'S,26 KING ST W  DUNDAS ON,2022/07/13 00:00:00+00
28,14 206168 07 1K,Food Shop,Basic,1568596 ONTARIO LTD O/A M & M MEAT SHOPS STORE # 014,2732 BARTON ST E  HAMILTON ON L8E 4M6,2022/06/23 00:00:00+00
29,14 216603 06 1K,Food Shop,Basic,1573028  ONTARIO INC O/A EVER CONVENIENCE,675 BARTON ST E  HAMILTON ON L8L 3A5,2022/03/24 00:00:00+00
30,19 296200 02 1K,Food Shop,Basic,1588373 ONTARIO LIMITED O/A GIORGIO'S NO FRILLS,435 MAIN ST E  HAMILTON ON L8N 1K1,2022/06/04 00:00:00+00
31,20 297706 01 1K,Food Shop,Bake Shop,1639190 ONT. INC. O/A CUPCAKES,1050 KING ST W  HAMILTON ON L8S 1L5,2022/07/10 00:00:00+00
32,14 281656 07 1K,Food Shop,Basic,1677035 ONTARIO LTD.,50 KING ST W  DUNDAS ON L9H 1T8,2022/10/11 00:00:00+00
33,16 291023 05 1K,Food Shop,Basic,1714064 ONTARIO INC O/A HASTY MARKET,210 MOHAWK RD E  HAMILTON ON L9A 2H6,2022/06/16 00:00:00+00
34,15 278211 06 1K,Food Shop,Basic,1726153 ONTARIO INC. O/A ROYAL CONVENIENCE & FOODMART,524 MAIN ST E  HAMILTON ON L8M 1J1,2022/04/16 00:00:00+00
35,14 276042 07 1K,Food Shop,Basic,1726357 ONTARIO INC. O/A BIG BONUS CONVENIENCE AND FOOD MART,78 QUEENSTON RD  HAMILTON ON L8K 6R6,2022/07/19 00:00:00+00
36,14 286823 07 1K,Food Shop,Basic,1749707 ONTARIO INC. O/A VILLAGE VARIETY,1148 FENNELL AVE E  HAMILTON ON L8T 1S6,2022/12/11 00:00:00+00
37,21 298917 00 1K,Food Shop,Basic,1757352 ONTARIO INC O/A HAMILTON MEAT PIE CO,856 KING ST W  HAMILTON ON L8S 1K3,2022/05/25 00:00:00+00
38,16 291566 05 1K,Food Shop,Caterer,1757352 ONTARIO INC. O/A HAMILTON MEAT PIE CO.,601 BURLINGTON ST E  HAMILTON ON,2022/11/03 00:00:00+00
39,14 277914 07 1K,Food Shop,Basic,1778269 ONTARIO INC. O/A KEON'S SUPER CONVENIENCE,77 KING ST E  HAMILTON ON L8N 1A5,2022/06/23 00:00:00+00
40,15 288137 06 1K,Food Shop,Basic,180 JAMES STREET SOUTH LIMITED O/A BIG BEE FOODMART,180 JAMES ST S  HAMILTON ON L8P 4V1,2022/10/06 00:00:00+00
41,17 292950 04 1K,Food Shop,Basic,1804347 ONTARIO INC O/A POWER DEALS,116 KING ST W  HAMILTON ON L8P 4V3,2022/09/13 00:00:00+00
42,18 294118 03 1K,Food Shop,Basic,1814152 ONTARIO INC. O/A FRESHCO,601 UPPER GAGE AVE  HAMILTON ON L8V 4J7,2022/04/24 00:00:00+00
43,14 280557 07 1K,Food Shop,Basic,1824280 ONTARIO INC O/A BIG BONUS CONVENIENT STORE,172 HWY 8  STONEY CREEK ON L8G 3V2,2022/11/16 00:00:00+00
44,18 294606 03 1K,Food Shop,Basic,1837726 ONTARIO LTD. O/A FRESHCO,2525 REGIONAL ROAD 56  GLANBROOK ON,2022/09/12 00:00:00+00
45,16 291722 05 1K,Food Shop,Basic,1867155 ONTARIO LIMITED O/A NO FRILLS,36 CLAPPISON AVE E FLAMBOROUGH ON,2022/12/06 00:00:00+00
46,15 287421 06 1K,Food Shop,Basic,1869468 ONTARIO INC. O/A HAMILTON BEACH CONVENIENCE & FOOD MART,536 BEACH BLVD  HAMILTON ON,2022/04/21 00:00:00+00
47,21 299036 00 1K,Food Shop,Basic,1876587 ONTARIO INC. O/A FRESHCO,1565 BARTON ST E  HAMILTON ON L8H 2X7,2022/07/22 00:00:00+00
48,14 283601 07 1K,Food Shop,Basic,1877858 ONTARIO INC. O/A BIG BEE FOOD MART,478 KING ST E  HAMILTON ON L8N 1C8,2023/02/06 00:00:00+00
49,15 287888 06 1K,Food Shop,Basic,1884297 ONTARIO INC O/A HESS VARIETY,25 HESS ST N  HAMILTON ON L8R 2S5,2022/08/10 00:00:00+00
50,18 294091 04 1K,Food Shop,Basic,1884339 ONTARIO INC. O/A DANNY'S VARIETY / LAUNDROMAT,1000 UPPER GAGE AVE  HAMILTON ON L8V 4K9,2022/04/20 00:00:00+00
51,14 284566 07 1K,Food Shop,Basic,1892548 ONTARIO LTD O/A UPPER WENTWORTH CONVENIENCE,1216 UPPER WENTWORTH ST  HAMILTON ON L9A 4W2,2022/06/13 00:00:00+00
52,14 285870 07 1K,Food Shop,Basic,1906245 ONTARIO INC O/A MIX+ FOODMART,997 CANNON ST E  HAMILTON ON L8L 2H4,2022/04/24 00:00:00+00
53,21 298886 01 1K,Food Shop,Basic,1906272 ONTARIO INC O/A SAMIR HALAL FOODS,750 UPPER JAMES ST  HAMILTON ON L9C 3A2,2022/12/11 00:00:00+00
54,15 287539 06 1K,Food Shop,Basic,1906395 ONTARIO LIMITED O/A WM DISCOUNT & LIQUIDATION,1565 BARTON ST E  HAMILTON ON L8H 2X7,2022/07/23 00:00:00+00
55,21 298736 00 1K,Food Shop,Caterer,1914611 ONTARIO INC O/A THE DESSERT ROOM,1509 WILSON ST W  ANCASTER ON,2022/04/20 00:00:00+00
56,14 287047 07 1K,Food Shop,Basic,1919670 ONTARIO INC. O/A BIG BEAR FOOD MART,878 KING ST W  HAMILTON ON L8S 1K3,2022/12/23 00:00:00+00
57,15 287725 06 1K,Food Shop,Basic,1936253 ONTARIO INC. O/A ANYTIME CONVENIENCE,649 UPPER JAMES ST  HAMILTON ON L9C 2Y9,2022/10/19 00:00:00+00
58,16 290745 05 1K,Food Shop,Basic,1944917 ONTARIO INC. O/A GOLDIES VARIETY,679 MOHAWK RD E  HAMILTON ON L8V 2K6,2022/04/26 00:00:00+00
59,17 293487 03 1K,Food Shop,Basic,1950573 ONTARIO INC O/A RICK'S CONVENIENCE,625 GREENHILL AVE  HAMILTON ON L8K 5W9,2022/02/23 00:00:00+00
60,18 293522 03 1K,Food Shop,Basic,1967209 ONTARIO INC O/A IFRUIT MARKET,1808 RYMAL RD E  GLANBROOK ON,2022/04/03 00:00:00+00
61,17 292057 04 1K,Food Shop,Basic,1967284 ONTARIO INC O/A BECKER'S CONVENIENCE STORE,119 HERKIMER ST  HAMILTON ON L8P 2G8,2022/04/06 00:00:00+00
62,19 296892 02 1K,Food Shop,Basic,1992796 ONT LTD O/A BIG BEE FOODMART,305 MELVIN AVE  HAMILTON ON L8H 2K6,2022/12/10 00:00:00+00
63,18 294674 03 1K,Food Shop,Basic,1998047 ONTARIO INC. O/A HASTY MARKET,135 UPPER CENTENNIAL PKWY  STONEY CREEK ON,2022/10/05 00:00:00+00
64,20 298335 01 1K,Food Shop,Basic,1998405 ONT. INC. O/A SWADESH SUPERMARKET,1439 UPPER OTTAWA ST  HAMILTON ON,2022/11/18 00:00:00+00
65,18 295223 03 1K,Food Shop,Basic,1998405 ONTARIO INC. O/A SWADESH SUPERMARKET,178 BARTON ST  STONEY CREEK ON L8E RW2,2022/11/16 00:00:00+00
66,14 274674 07 1K,Food Shop,Basic,2088479 ONTARIO LTD O/A LOCOCO'S FRUITS & VEGGIES,2371 BARTON ST E  HAMILTON ON,2022/10/20 00:00:00+00
67,14 275097 07 1K,Food Shop,Basic,2104003 ONTARIO INC. O/A BIG BEE CONVENIENCE,856 LAWRENCE RD  HAMILTON ON L8K 2A2,2022/11/17 00:00:00+00
68,18 295229 02 1K,Food Shop,Basic,2111541 ONTARIO LTD O/A POPEYE'S SUPPLEMENTS,247 CENTENNIAL PKWY N  HAMILTON ON,2022/03/06 00:00:00+00
69,18 295230 03 1K,Food Shop,Basic,2111541 ONTARIO LTD O/A POPEYE'S SUPPLEMENTS,1024 UPPER WENTWORTH ST  HAMILTON ON,2023/01/23 00:00:00+00
70,20 297259 01 1K,Food Shop,Basic,2135536 ONTARIO INC O/A CHOCOLATE SENSATIONS,240 WILSON ST E  ANCASTER ON,2022/06/06 00:00:00+00
71,14 276535 07 1K,Food Shop,Basic,2155648 ONTARIO INC O/A BIG BONUS CONVENIENCE & FOOD MART,601 UPPER JAMES ST  HAMILTON ON,2022/12/14 00:00:00+00
72,19 297145 02 1K,Food Shop,Basic,2163335 ONTARIO INC. O/A THE VITAMIN STORE,86 MAIN ST  DUNDAS ON L9H 2R1,2022/12/19 00:00:00+00
73,14 277534 07 1K,Food Shop,Basic,2183882 ONTARIO INC O/A K C DISCOUNT,1252 HIGHWAY NO. 8  STONEY CREEK ON L8E 5K3,2022/11/12 00:00:00+00
74,14 279063 07 1K,Food Shop,Multiple Food Shop,2203547 ONTARIO LTD O/A B&T FOOD,103 QUEEN ST N  HAMILTON ON L8R 2V5,2022/12/04 00:00:00+00
75,14 279961 07 1K,Food Shop,Basic,2218155 ONTARIO INC O/A ROOKIE VARIETY,1247 HWY 8  STONEY CREEK ON L8E 5G8,2022/06/15 00:00:00+00
76,17 292758 04 1K,Food Shop,Basic,2266820 ONTARIO INC O/A BUSY BEE FOOD MART,1146 BARTON ST E  HAMILTON ON,2022/08/18 00:00:00+00
77,14 281080 07 1K,Food Shop,Basic,2267366 ONTARIO LIMITED O/A SHOPPERS DRUG MART,133 KING ST W  DUNDAS ON,2023/02/08 00:00:00+00
78,14 281636 07 1K,Food Shop,Bake Shop,2273661 ONTARIO INC O/A BITTEN,219 LOCKE ST S  HAMILTON ON L8R 4B6,2022/07/14 00:00:00+00
79,14 284010 07 1K,Food Shop,Basic,2280918 ONTARIO INC. O/A YOUR DOLLAR STORE WITH MORE,50 DUNDURN ST S  HAMILTON ON L8P 4W3,2022/04/19 00:00:00+00
80,14 281860 07 1K,Food Shop,Basic,2290380 ONTARIO INC. O/A BIG BEE CONVENIENCE AND FOOD MART,558 UPPER GAGE AVE  HAMILTON ON L8V 4J6,2022/10/31 00:00:00+00
81,14 284881 07 1K,Food Shop,Basic,2332226 ONTARIO LTD O/A BUSY BEE FOOD MART,29 DELAWANA DR  HAMILTON ON L8E 3N6,2022/08/15 00:00:00+00
82,13 285623 07 1K,Food Shop,Basic,2381879 ONTARIO INC O/A ON THE GO CONVENIENCE,15 LOCKPORT WAY  STONEY CREEK ON,2022/04/17 00:00:00+00
83,15 285786 06 1K,Food Shop,Bake Shop,2390668 ONTARIO INC O/A KARLIK PASTRY,762 BARTON ST E  HAMILTON ON,2022/04/10 00:00:00+00
84,16 291448 05 1K,Food Shop,Basic,2390668 ONTARIO INC O/A KARLIK PASTRY,35 YORK BLVD  HAMILTON ON,2022/10/12 00:00:00+00
85,14 286753 07 1K,Food Shop,Basic,2429258 ONTARIO INC. O/A SUDS & DUDS NEBO VARIETY,1205 RYMAL RD E  HAMILTON ON L8W 3M9,2022/10/27 00:00:00+00
86,14 287131 06 1K,Food Shop,Basic,2444582 ONTARIO INC. O/A GALAXY SMOKE SHOP,931 QUEENSTON RD  STONEY CREEK ON L8G 1B8,2022/04/13 00:00:00+00
87,16 290652 05 1K,Food Shop,Basic,2454915 ONTARIO INC O/A BIG BEAR FOOD MART,82 WELLINGTON ST N  HAMILTON ON L8R 2N7,2022/04/13 00:00:00+00
88,19 296326 02 1K,Food Shop,Basic,2467856 ONTARIO LTD O/A M. MART,477 DUNDAS ST E  FLAMBOROUGH ON,2022/07/14 00:00:00+00
89,15 288159 05 1K,Food Shop,Butcher,2472333 ONTARIO INC O/A PAK KAI,143 JAMES ST N  HAMILTON ON L8R 2K8,2022/10/05 00:00:00+00
90,15 290449 05 1K,Food Shop,Basic,2494357 ONTARIO INC O/A ANYTIME BARTON,653 BARTON ST E  HAMILTON ON L8L 3A3,2022/01/26 00:00:00+00
91,16 290549 05 1K,Food Shop,Basic,2497399 ONTARIO INC O/A MINI FOOD MART,220 LOCKE ST S  HAMILTON ON L8R 4B7,2022/03/10 00:00:00+00
92,16 290797 05 1K,Food Shop,Butcher,2508152 ONTARIO LIMITED O/A PAVAO MEAT & DELI,640 QUEENSTON RD  HAMILTON ON L8K 1K2,2022/04/06 00:00:00+00
93,19 296250 02 1K,Food Shop,Basic,2508436 ONTARIO LIMITED O/A DISCOUNT MAX,170 KING ST E  HAMILTON ON,2022/06/24 00:00:00+00
94,16 290995 05 1K,Food Shop,Multiple Food Shop,2512588 ONTARIO LTD O/A QSTOP CONVENIENCE,1 WILSON ST  HAMILTON ON L8R 1C4,2022/06/17 00:00:00+00
95,19 297232 01 1K,Food Shop,Caterer,2526438 ONTARIO INC O/A THE LUNCH LADY,1480 SANDHILL DR  ANCASTER ON,2022/02/10 00:00:00+00
96,16 291441 05 1K,Food Shop,Bake Shop,2530400 ONTARIO INC. O/A LA BAKERI,935 FENNELL AVE E  HAMILTON ON,2022/09/12 00:00:00+00
97,16 291644 05 1K,Food Shop,Basic,2533528 ONTARIO INC. O/A HASTY MARKET,387 BARTON ST E  HAMILTON ON L8L 2Y2,2022/12/20 00:00:00+00
98,14 270683 07 1K,Food Shop,Basic,2533709 ONTARIO INC O/A CORNER STORE,2666 REGIONAL ROAD 56  GLANBROOK ON L0R 1C0,2022/05/19 00:00:00+00
99,17 292127 04 1K,Food Shop,Basic,2562096 ONTARIO INC O/A BOOSTER JUICE,1685 MAIN ST W  HAMILTON ON L8S 1G5,2022/05/08 00:00:00+00
100,19 296827 02 1K,Food Shop,Basic,2563372 ONTARIO INC O/A BUSY BEE FOODMART,1032 UPPER WELLINGTON ST  HAMILTON ON L9A 3S3,2022/11/13 00:00:00+00
101,17 292698 04 1K,Food Shop,Basic,2572020 ONTARIO INC O/A STEELTOWN GARAGE CO,302 JAMES ST N  HAMILTON ON,2022/08/24 00:00:00+00
102,17 292350 04 1K,Food Shop,Basic,2575728 ONTARIO INC O/A MAVES VARIETY,227 JAMES ST N  HAMILTON ON L8R 2L2,2022/06/08 00:00:00+00
103,20 298129 01 1K,Food Shop,Basic,2596064 ONTARIO INC O/A THE PALE BLUE DOT SHOP,240 JAMES ST N  HAMILTON ON,2022/10/08 00:00:00+00
104,17 293430 04 1K,Food Shop,Basic,2605763 ONTARIO INC. O/A BIG BEE CONVENIENCE,66 MALL RD  HAMILTON ON L8V 5B9,2022/12/22 00:00:00+00
105,18 294540 03 1K,Food Shop,Basic,2633073 ONTARIO INC. O/A BIG BEAR FOOD MART,45 KENILWORTH AVE N  HAMILTON ON,2022/08/07 00:00:00+00
106,19 295970 02 1K,Food Shop,Basic,2634550 ONTARIO INC O/A HEALTHY PLANET - ANCASTER,821 GOLF LINKS RD  ANCASTER ON,2022/05/09 00:00:00+00
107,18 294763 03 1K,Food Shop,Basic,2650828 ONTARIO LTD O/A HUNG CHEUNG TRADING,95 MACNAB ST N  HAMILTON ON L8R 2L9,2022/08/29 00:00:00+00
108,20 298329 01 1K,Food Shop,Bake Shop,2651017 ONTARIO INC O/A SHIRES BAKERY ,15 LYNDHURST ST  HAMILTON ON,2022/11/03 00:00:00+00
109,19 295514 02 1K,Food Shop,Basic,2654759 ONTARIO INC,440 CANNON ST E  HAMILTON ON,2022/03/06 00:00:00+00
110,19 296840 01 1K,Food Shop,Basic,2658645 ONTARIO INC O/A CUCINA FRESCA,455 BARTON ST  STONEY CREEK ON,2022/02/12 00:00:00+00
111,19 295829 02 1K,Food Shop,Butcher,2676169 ONTARIO LIMITED O/A PAVAO MEATS & DELI,675 RYMAL RD E  HAMILTON ON,2022/07/19 00:00:00+00
112,19 295776 02 1K,Food Shop,Basic,2679615 ONTARIO LIMITED O/A FRANK'S NO FRILLS,675 RYMAL RD E  HAMILTON ON,2022/07/19 00:00:00+00
113,21 298720 00 1K,Food Shop,Basic,2684192 ONTARIO INC O/A SAM'S CHEESE & MEAT,35 YORK BLVD  HAMILTON ON,2022/02/12 00:00:00+00
114,14 151129 07 1K,Food Shop,Basic,2690902 ONTARIO INC O/A HAMILTON DAISY MART,181 MAIN ST W  HAMILTON ON L8P 4S1,2022/11/08 00:00:00+00
115,19 296515 02 1K,Food Shop,Basic,2701749 ONTARIO INC. O/A FRESHCO,905 RYMAL RD E  HAMILTON ON L8W 3M2,2022/08/12 00:00:00+00
116,21 299040 00 1K,Food Shop,Basic,2702444 ONTARIO INC O/A THE UDDER WAY ARTISAN CHEESE COMPANY,410 REGIONAL ROAD 20  GLANBROOK ON,2022/12/23 00:00:00+00
117,20 297776 01 1K,Food Shop,Basic,2716795 ONTARIO INC O/A AL QAYSAR,584 UPPER JAMES ST  HAMILTON ON,2022/06/22 00:00:00+00
118,20 297300 01 1K,Food Shop,Basic,2718313 ONTARIO INC O/A HERC'S NUTRITION,1405 UPPER OTTAWA ST  HAMILTON ON L8W 3J6,2022/02/12 00:00:00+00
119,20 297675 01 1K,Food Shop,Basic,2723896 ONTARIO INC O/A EDIBLE ARRANGEMENTS,1400 UPPER JAMES ST  HAMILTON ON,2022/07/08 00:00:00+00
120,20 297370 00 1K,Food Shop,Basic,2730518 ONTARIO INC. O/A BOMBAY SPICES,550 FENNELL AVE E  HAMILTON ON L8V 1T1,2023/01/25 00:00:00+00
121,19 297236 02 1K,Food Shop,Basic,2732589 ONT INC. O/A THE ZOETIC THEATER COMPANY,524 CONCESSION ST  HAMILTON ON L8V 1A6,2023/01/09 00:00:00+00
122,20 297621 01 1K,Food Shop,Basic,2742121 ONTARIO INC O/A BIG BEAR FOOD MART,1003 MOHAWK RD W  HAMILTON ON L9C 7P5,2022/06/26 00:00:00+00
123,20 297646 01 1K,Food Shop,Basic,2746178 ONTARIO INC O/A BIG BEE CONVENIENCE & FOOD MART,535 UPPER WELLINGTON ST  HAMILTON ON,2022/10/27 00:00:00+00
124,20 298525 01 1K,Food Shop,Basic,2747212 ONTARIO INC O/A HEALTHY PLANET  - STONEY CREEK,502 CENTENNIAL PKWY N  HAMILTON ON,2022/12/24 00:00:00+00
125,20 297914 01 1K,Food Shop,Basic,2759282 ONTARIO LIMITED O/A INTERNATIONAL NEWS,640 MOHAWK RD W  HAMILTON ON L9C 1X6,2022/08/20 00:00:00+00
126,21 298689 00 1K,Food Shop,Basic,2768560 ONTARIO INC O/A MRS GREENWAY,2 KING ST W  DUNDAS ON,2022/02/09 00:00:00+00
127,20 298301 00 1K,Food Shop,Basic,2773237 ONTARIO INC O/A BUSY BEE FOOD MART,1190 MAIN ST E  HAMILTON ON L8M 1P5,2022/02/26 00:00:00+00
128,21 299005 00 1K,Food Shop,Basic,2783792 ONTARIO INC.,1460 KING ST E  HAMILTON ON,2022/06/28 00:00:00+00
129,21 298949 00 1K,Food Shop,Basic,2793812 ONTARIO INC O/A GATEWAY HAMILTON,36 HUNTER ST E  HAMILTON ON L8N 3W8,2022/05/17 00:00:00+00
130,21 298585 00 1K,Food Shop,Basic,2795615 ONTARIO INC ,205 MELVIN AVE  HAMILTON ON L8H 7P6,2022/02/02 00:00:00+00
131,21 299113 00 1K,Food Shop,Caterer,280400557 ONTARIO INC. O/A TEA AMO,24 TOULON AVE  ANCASTER ON,2022/07/06 00:00:00+00
132,21 299031 00 1K,Food Shop,Basic,2807704 ONTARIO LTD. O/A BIG BEAR FOOD MART,2 CASTLEWOOD BLVD  DUNDAS ON L9H 7M8,2022/07/09 00:00:00+00
133,21 298950 00 1K,Food Shop,Basic,2818808 ONTARIO INC. O/A BIG BEE FOODMART,212 JOHN ST S  HAMILTON ON L8N 2C8,2022/06/28 00:00:00+00
134,21 299083 00 1K,Food Shop,Basic,2837029 ONTARIO INC O/A WELCOME MART,665 FENNELL AVE E  HAMILTON ON L8V 1V3,2022/10/25 00:00:00+00
135,21 299485 00 1K,Food Shop,Basic,2857427 ONTARIO INC O/A BIG BEE CONVENIENCE & FOOD MART,561 QUEENSTON RD  HAMILTON ON L8K 1J7,2022/10/11 00:00:00+00
136,21 299795 00 1K,Food Shop,Multiple Food Shop,2858082 ONTARIO INC. O/A ROCKTON BERRY FARM,621 HWY 8  FLAMBOROUGH ON,2022/12/08 00:00:00+00
137,21 299644 00 1K,Food Shop,Basic,2867149 ONTARIO INC O/A HOPE'S CONVENIENCE,230 KENILWORTH AVE N  HAMILTON ON L8H 4S2,2022/10/20 00:00:00+00
138,17 292619 03 1K,Food Shop,Basic,4368657 CANADA INC O/A MICKEY MCGUIRE'S CHEESE,2 KING ST W  DUNDAS ON,2022/09/20 00:00:00+00
139,19 296291 02 1K,Food Shop,Basic,5007114 ONTARIO INC O/A BIG BEE FOOD MART ,1150 KING ST E  HAMILTON ON L8M 1E8,2022/07/17 00:00:00+00
140,18 294506 03 1K,Food Shop,Multiple Food Shop,5007176 ONTARIO LTD O/A TAJMAHAL HALAL MEAT AND GROCERIES,77 JAMES ST N  HAMILTON ON L8R 2K3,2022/08/21 00:00:00+00
141,19 295994 02 1K,Food Shop,Basic,5009967 ONTARIO LIMITED O/A FRANCO'S NO FRILLS ,640 QUEENSTON RD  HAMILTON ON L8K 1K2,2022/05/26 00:00:00+00
142,19 296468 01 1K,Food Shop,Basic,5017043 ONTARIO INC O/A HERC'S NUTRITION,1142 WILSON ST W  ANCASTER ON,2022/02/18 00:00:00+00
143,20 297630 01 1K,Food Shop,Basic,5019185 ONTARIO INC O/A HASTY MARKET ,392 CONCESSION ST  HAMILTON ON L9A 1B7,2022/07/09 00:00:00+00
144,20 297718 01 1K,Food Shop,Basic,5025157 ONT. LTD. O/A 365 CONVENIENCE,979 KING ST E  HAMILTON ON,2022/05/07 00:00:00+00
145,20 297308 01 1K,Food Shop,Basic,5025167 ONTARIO LIMITED O/A KENNY & CINDY'S NO FRILLS,930 UPPER PARADISE RD  HAMILTON ON L5H 1B2,2022/03/17 00:00:00+00
146,21 299146 00 1K,Food Shop,Basic,5025303 ONTARIO INC. O/A MILLGROVE COMMUNITY STORE,338 CONCESSION 5 W  FLAMBOROUGH,2022/06/30 00:00:00+00
147,21 299042 00 1K,Food Shop,Caterer,5037606 ONTARIO INC. O/A  SET THE TABLE KITCHEN & CO,1480 SANDHILL DR  ANCASTER ON,2022/06/10 00:00:00+00
148,21 299397 00 1K,Food Shop,Fish Monger,5050530 ONTARIO INC O/A PINBONES FISH MARKET,29 KING ST W  DUNDAS ON,2022/09/02 00:00:00+00
149,14 280398 07 1K,Food Shop,Basic,542299 ONTARIO LIMITED O/A ANGELA'S DELICATESSEN,35 YORK BLVD  HAMILTON ON,2022/09/27 00:00:00+00
150,14 279241 06 1K,Food Shop,Basic,590289 ONTARIO LIMITED O/A CENTRAL VALLEY WINERY,65 MILBURN RD  HAMILTON ON L8E 3A3,2022/02/16 00:00:00+00
151,17 292436 04 1K,Food Shop,Bake Shop,651233 ONTARIO INC O/A SWEET PARADISE BAKERY,419 DUNDAS ST E  FLAMBOROUGH ON L0R 2H1,2022/06/28 00:00:00+00
152,14 276531 07 1K,Food Shop,Basic,6854231 CANADA INC O/A FENNELL CONVENIENCE,1119 FENNELL AVE E  HAMILTON ON L8T 1S2,2022/12/05 00:00:00+00
153,14 255863 07 1K,Food Shop,Basic,7 DAYS VARIETY,191 WILSON ST  HAMILTON ON L8R 1E3,2022/06/14 00:00:00+00
154,14 284265 08 1K,Food Shop,Basic,8301174 CANADA INC,61 SHERMAN AVE N  HAMILTON ON L8L 6M3,2022/05/14 00:00:00+00
155,14 285668 07 1K,Food Shop,Basic,8702888 CANADA INC. O/A HASTY MARKET,732 QUEENSTON RD  HAMILTON ON L8G 1A,2023/01/17 00:00:00+00
156,14 286903 07 1K,Food Shop,Basic,8906190 CANADA INC. O/A NEW YORK NEWS,2 KING ST W  HAMILTON ON,2022/10/20 00:00:00+00
157,19 297208 02 1K,Food Shop,Basic,9295356 CANADA LTD. O/A TOLTON FOOD MARKET,125 TOLTON AVE  HAMILTON ON L8H 5N9,2023/01/21 00:00:00+00
158,20 297704 01 1K,Food Shop,Basic,952596 ONTARIO LTD. O/A MAC'S CONVENIENCE,32 YORK RD  DUNDAS ON L9H 1L4,2022/05/01 00:00:00+00
159,19 296572 02 1K,Food Shop,Basic,9726608 CANADA INC O/A 77BUY CONVENIENCE STORE,172 KING ST W  HAMILTON ON,2022/09/05 00:00:00+00
160,14 280894 06 1K,Food Shop,Basic,A & J SUGAR BOWL,124 MACNAB ST N  HAMILTON ON,2022/02/03 00:00:00+00
161,21 299198 00 1K,Food Shop,Caterer,A ONE TIFFIN SERVICES INC. ,384 BARTON ST  STONEY CREEK ON,2022/08/19 00:00:00+00
162,15 283991 06 1K,Food Shop,Basic,A. LOCOCO WHOLESALE LTD. O/A LOCOCO'S,400 NEBO RD  HAMILTON ON,2022/02/12 00:00:00+00
163,21 299381 00 1K,Food Shop,Caterer,ACCESS GOURMET,2 KING ST W  HAMILTON ON,2022/09/02 00:00:00+00
164,18 294531 03 1K,Food Shop,Basic,ACROSS THE POND BRITISH IMPORTS,128 PARKDALE AVE N  HAMILTON ON L8H 5X2,2022/08/08 00:00:00+00
165,14 282648 06 1K,Food Shop,Basic,AFROCAN FOOD MARKET INC,454 KING ST E  HAMILTON ON,2022/04/13 00:00:00+00
166,17 292652 04 1K,Food Shop,Basic,Ahmed Samy Pharmacy Ltd. o/a SAMY'S DRUG MART,847 BARTON ST E  HAMILTON ON,2022/11/14 00:00:00+00
167,16 197843 07 1K,Food Shop,Multiple Food Shop,AL NAVEED GROCERY & HALAL MEAT,214 BARTON ST  STONEY CREEK ON,2022/10/18 00:00:00+00
168,19 297151 02 1K,Food Shop,Basic,ALAMIN GROCERY AND HALAL MEAT LTD.,870 UPPER JAMES ST  HAMILTON ON,2022/12/04 00:00:00+00
169,14 245270 07 1K,Food Shop,Basic,ALI & ADAM HOLDINGS LTD. O/A BIG BEE CONVENIENCE,447 CONCESSION ST  HAMILTON ON L9A 1C1,2022/11/20 00:00:00+00
170,15 123681 07 1K,Food Shop,Butcher,ALVES MEATS (1520923 ONTARIO INC.),157 MACNAB ST N  HAMILTON ON L8R 2M2,2022/04/23 00:00:00+00
171,15 287821 06 1K,Food Shop,Bake Shop,ANCASTER HOSPITALITY CO. LTD. O/A CANICHE FRENCH BAKERY,346 WILSON ST E  ANCASTER ON,2022/08/20 00:00:00+00
172,21 298876 00 1K,Food Shop,Basic,ANCASTER ICE CREAM PARLOUR,29 ORCHARD DR  ANCASTER ON,2022/04/13 00:00:00+00
173,16 129739 06 1K,Food Shop,Basic,ANGEL VARIETY LIMITED,98 BURLINGTON ST E  HAMILTON ON L8L 4G8,2022/02/26 00:00:00+00
174,18 293987 03 1K,Food Shop,Caterer,ANGELES CAKES,73 LAURENDALE AVE  FLAMBOROUGH,2022/11/22 00:00:00+00
175,15 290307 06 1K,Food Shop,Caterer,AREPAS EL MANA,1093 FENNELL AVE E  HAMILTON ON,2022/12/10 00:00:00+00
176,20 298343 00 1K,Food Shop,Caterer,ASHLEY'S SWEETS & TREATS,22 FAIRGROUNDS DR  GLANBROOK ON,2022/03/02 00:00:00+00
177,14 178517 07 1K,Food Shop,Basic,AVONDALE STORE LTD,12 GARNER RD W  ANCASTER ON L9G 2J8,2022/04/10 00:00:00+00
178,14 170796 07 1K,Food Shop,Basic,AVONDALE STORES LIMITED,301 FRUITLAND RD  STONEY CREEK ON L8E 5M1,2022/11/01 00:00:00+00
179,14 228840 07 1K,Food Shop,Basic,AVONDALE STORES LIMITED,49 KING ST E  DUNDAS ON L9H 1B7,2022/06/07 00:00:00+00
180,14 246002 06 1K,Food Shop,Basic,AVONDALE STORES LIMITED,2200 RYMAL RD E  GLANBROOK ON,2022/03/05 00:00:00+00
181,15 123785 07 1K,Food Shop,Basic,AVONDALE STORES LIMITED,2327 KING ST E  HAMILTON ON L8K 1X6,2022/10/29 00:00:00+00
182,15 123822 07 1K,Food Shop,Basic,AVONDALE STORES LIMITED,399 GREENHILL AVE  HAMILTON ON L8K 5E5,2022/10/29 00:00:00+00
183,15 123924 07 1K,Food Shop,Basic,AVONDALE STORES LIMITED,205 QUIGLEY RD  HAMILTON ON L8K 5M8,2022/10/29 00:00:00+00
184,16 197393 07 1K,Food Shop,Basic,AVONDALE STORES LIMITED,184 HIGHWAY NO. 8 UNIT 4 STONEY CREEK ON,2022/08/23 00:00:00+00
185,16 197396 07 1K,Food Shop,Basic,AVONDALE STORES LIMITED,570 HWY 8  STONEY CREEK ON,2022/05/12 00:00:00+00
186,16 197398 07 1K,Food Shop,Basic,AVONDALE STORES LIMITED,1050 PARAMOUNT DR 12 STONEY CREEK ON L8J 1P8,2022/10/04 00:00:00+00
187,21 298612 00 1K,Food Shop,Caterer,AZUCAR BY ILEANA,80 RILEY ST  FLAMBOROUGH ON,2022/04/07 00:00:00+00
188,20 297258 02 1K,Food Shop,Basic,B & D HOLDINGS LTD.,483 HWY 8  STONEY CREEK ON L8G 5B9,2023/01/13 00:00:00+00
189,14 284936 07 1K,Food Shop,Basic,B NAGRA DRUGS LTD O/A SHOPPERS DRUG MART,1300 GARTH ST  HAMILTON ON L9C 4L7,2022/08/16 00:00:00+00
190,18 293758 03 1K,Food Shop,Bake Shop,BAINHAM INCORPORATED O/A COBS BREAD,94 DUNDAS ST E  FLAMBOROUGH ON,2022/06/19 00:00:00+00
191,21 298851 00 1K,Food Shop,Basic,BARTON LETTUCE,335 BARTON ST E  HAMILTON ON,2022/04/29 00:00:00+00
192,16 290756 05 1K,Food Shop,Basic,BARTON VARIETY,315 BARTON ST E  HAMILTON ON L8L 2X6,2022/04/27 00:00:00+00
193,18 295297 03 1K,Food Shop,Basic,BED BATH & BEYOND L.P. O/A BED BATH & BEYOND,1783 STONE CHURCH RD E 3 STONEY CREEK ON,2022/11/29 00:00:00+00
194,15 290316 05 1K,Food Shop,Caterer,BEE'Z SMOOTHEEZ,255 CELTIC DR  STONEY CREEK ON,2022/02/08 00:00:00+00
195,14 281894 06 1K,Food Shop,Basic,BELGAL TUCKSHOP VARIETY,60 JEROME CRES  HAMILTON ON L8E 3G9,2022/04/24 00:00:00+00
196,14 178477 07 1K,Food Shop,Bake Shop,BENNETT'S APPLES & CIDER LTD,944 GARNER RD E  ANCASTER ON,2022/12/06 00:00:00+00
197,16 123936 06 1K,Food Shop,Basic,BEST BUY VARIETY,665 FENNELL AVE E  HAMILTON ON L8V 1V3,2022/02/21 00:00:00+00
198,14 283306 07 1K,Food Shop,Basic,BETTY KURIAN DRUGS LTD O/A PEOPLE'S PHARMA CHOICE,30 RYMAL RD E  HAMILTON ON L9B 1T7,2022/08/17 00:00:00+00
199,14 281810 07 1K,Food Shop,Basic,BIG BEE CONVENIENCE,1528 BARTON ST E  HAMILTON ON,2022/08/23 00:00:00+00
200,15 279411 06 1K,Food Shop,Basic,BIG BEE CONVENIENCE,350 KING ST E  HAMILTON ON L8N 1C2,2022/02/16 00:00:00+00
201,14 155919 07 1K,Food Shop,Basic,BIG BEE FOOD MART,800 BARTON ST E  HAMILTON ON L8L 2Z7,2022/11/23 00:00:00+00
202,21 299786 00 1K,Food Shop,Multiple Food Shop,BIKEABLE INC. O/A STRATHCONA MARKET,460 YORK BLVD  HAMILTON ON L8R 3J8,2022/11/29 00:00:00+00
203,15 279580 06 1K,Food Shop,Basic,BLACKBERRY HILL FARM,35 YORK BLVD  HAMILTON ON,2022/02/03 00:00:00+00
204,14 282094 07 1K,Food Shop,Basic,BLAIR'S VARIETY,292 KING ST W  DUNDAS ON L9H 1W4,2022/11/12 00:00:00+00
205,16 291165 05 1K,Food Shop,Caterer,BLEND CATERING,811 KING ST E  HAMILTON ON L8M 1B1,2022/06/14 00:00:00+00
206,14 287106 07 1K,Food Shop,Basic,BO SUNG HERBS & HEALTH FOOD SHOP,277 KING ST E  HAMILTON ON,2023/01/05 00:00:00+00
207,21 298893 00 1K,Food Shop,Bake Shop,BOA BAKERY INC,3200 REGIONAL ROAD 56  GLANBROOK ON,2022/04/02 00:00:00+00
208,14 280732 06 1K,Food Shop,Basic,BRENPAT INC. O/A SHOPPERS DRUG MART #1487,3027 BINBROOK RD W  B GLANBROOK ON,2022/03/01 00:00:00+00
209,15 279467 06 1K,Food Shop,Basic,BRITISH BAKED GOODS,35 YORK BLVD  HAMILTON ON,2022/02/04 00:00:00+00
210,19 296819 02 1K,Food Shop,Basic,BULK BARN,659 UPPER JAMES ST  E HAMILTON ON,2022/11/07 00:00:00+00
211,19 296873 02 1K,Food Shop,Basic,BULK BARN,1360 SOUTH SERVICE RD  STONEY CREEK ON,2022/11/28 00:00:00+00
212,20 298017 01 1K,Food Shop,Basic,BULK BARN,18 HAMILTON ST N  FLAMBOROUGH ON,2022/08/27 00:00:00+00
213,16 290862 05 1K,Food Shop,Basic,BULK BARN FOODS LIMITED,1400 UPPER JAMES ST  HAMILTON ON,2022/04/27 00:00:00+00
214,16 291112 05 1K,Food Shop,Basic,BULK BARN FOODS LIMITED,800 QUEENSTON RD  STONEY CREEK ON L8G 1A7,2022/06/07 00:00:00+00
215,17 292323 04 1K,Food Shop,Basic,BULK BARN FOODS LIMITED,101 OSLER DR  DUNDAS ON,2022/05/02 00:00:00+00
216,17 293311 04 1K,Food Shop,Basic,BULK BARN FOODS LIMITED,270 MUD ST W F STONEY CREEK ON,2022/12/18 00:00:00+00
217,14 281160 07 1K,Food Shop,Basic,BUSY BEE FOOD MART,524 BARTON ST E  HAMILTON ON L8L 2Y8,2022/05/25 00:00:00+00
218,14 278342 07 1K,Food Shop,Basic,BUSY BEE MART,83 WALNUT ST S  HAMILTON ON L8N 2L2,2022/05/12 00:00:00+00
219,19 295721 02 1K,Food Shop,Basic,C.E. ELLIOTT AND SONS LIMITED,268 SHERMAN AVE N  HAMILTON ON,2022/02/22 00:00:00+00
220,14 281448 07 1K,Food Shop,Bake Shop,CAKE AND LOAF BAKERY LTD,212 HOMEWOOD AVE  HAMILTON ON L8P 2M5,2022/09/22 00:00:00+00
221,19 296601 02 1K,Food Shop,Caterer,CAKE BOUTIQUE,24 CHELSEA CRES  STONEY CREEK ON,2022/11/19 00:00:00+00
222,20 297732 01 1K,Food Shop,Bake Shop,CAKE EMPIRE INC.,70 KING ST E  STONEY CREEK ON,2022/05/14 00:00:00+00
223,14 283956 07 1K,Food Shop,Caterer,CAKES FOR ALL OCCASIONS BY MARGARET CARVALHO,152 OAKLAND DR  HAMILTON ON,2022/04/09 00:00:00+00
224,21 299088 00 1K,Food Shop,Basic,CANDICO WEST INC O/A FRESHCO,869 BARTON ST E  HAMILTON ON L8L 3B4,2022/05/20 00:00:00+00
225,20 298524 00 1K,Food Shop,Caterer,CANOKIE FOODS,2 KING ST W  HAMILTON ON,2022/02/01 00:00:00+00
226,14 280202 07 1K,Food Shop,Bake Shop,CARLISLE BAKERY PLUS,1467 CENTRE RD  FLAMBOROUGH ON L8N 2Z7,2022/08/24 00:00:00+00
227,14 235697 07 1K,Food Shop,Basic,CARLISLE FARM MARKET,1467 CENTRE RD  FLAMBOROUGH ON L8N 2Z7,2022/12/03 00:00:00+00
228,14 278627 07 1K,Food Shop,Basic,CARLISLE VILLAGE STORE,1470 CENTRE RD  FLAMBOROUGH ON L8N 2Z7,2022/07/14 00:00:00+00
229,15 177186 06 1K,Food Shop,Bake Shop,CARLUKE ORCHARDS INC.,2194 SHAVER RD  ANCASTER ON,2022/03/15 00:00:00+00
230,14 281986 07 1K,Food Shop,Caterer,CATERIN BY LUIGI,125 LANCING DR 2 HAMILTON ON,2022/11/24 00:00:00+00
231,17 292411 04 1K,Food Shop,Basic,CENTENNIAL BIG BEAR 3,160 CENTENNIAL PKWY N  HAMILTON ON,2022/07/14 00:00:00+00
232,15 286016 06 1K,Food Shop,Basic,CG CONVENIENCE STORE INC O/A NEW YORK NEWS CAFE LTD,2 KING ST W  HAMILTON ON,2022/03/21 00:00:00+00
233,15 279456 06 1K,Food Shop,Basic,CHARLIE'S CORNER PRODUCE MARKET,35 YORK BLVD  HAMILTON ON,2022/02/05 00:00:00+00
234,18 293809 03 1K,Food Shop,Bake Shop,CHRSTINE'S GOODIES,1351 MAIN ST E  HAMILTON ON,2022/04/10 00:00:00+00
235,21 299033 00 1K,Food Shop,Basic,COMPLEMENTARY FINANCIAL INC. O/A LYNDEN GENERAL STORE,128 LYNDEN RD  FLAMBOROUGH ON L9H 4J9,2022/06/28 00:00:00+00
236,20 297820 01 1K,Food Shop,Basic,COPETOWN GENERAL STORE,2012 GOVERNOR'S RD  ANCASTER ON,2022/09/14 00:00:00+00
237,14 280568 07 1K,Food Shop,Basic,COUNTRY GREEN GARDEN,55 YORK BLVD  HAMILTON ON,2022/10/22 00:00:00+00
238,15 175202 07 1K,Food Shop,Butcher,COUNTRY MEAT PACKING LTD,1188 HWY 8  FLAMBOROUGH ON,2022/08/23 00:00:00+00
239,14 286988 07 1K,Food Shop,Basic,CRAZY BILL'S GIFT & NOVELTIES INC,1093 FENNELL AVE E  HAMILTON ON,2023/01/14 00:00:00+00
240,15 276927 06 1K,Food Shop,Basic,DADAJI INC. O/A KING CONVENIENCE AND FOOD MART,48 KING ST W  STONEY CREEK ON,2022/04/16 00:00:00+00
241,19 296493 02 1K,Food Shop,Caterer,DARLING DONUTS,87 FAIRGROUNDS DR  GLANBROOK ON,2022/10/25 00:00:00+00
242,14 243167 07 1K,Food Shop,Basic,DAVID'S VARIETY,950 BARTON ST E  HAMILTON ON L8L 3C5,2022/11/10 00:00:00+00
243,20 298419 01 1K,Food Shop,Basic,DAWSON'S HOT SAUCE,433 BARTON ST E  HAMILTON ON,2022/12/04 00:00:00+00
244,14 281137 07 1K,Food Shop,Bake Shop,DE LA TERRE CAFE & BAKERY,35 YORK BLVD  HAMILTON ON,2022/06/16 00:00:00+00
245,21 299489 00 1K,Food Shop,Basic,DEBBY COSTA PHARMACY LTD O/A SHOPPERS DRUG MART,1 KING ST E  STONEY CREEK ON,2022/09/16 00:00:00+00
246,14 274868 07 1K,Food Shop,Basic,DECOLORES GROCERY,100 MAIN ST E  HAMILTON ON L8N 1G3,2022/08/16 00:00:00+00
247,14 276252 07 1K,Food Shop,Basic,DEEPRIT HOLDINGS LTD O/A BIG BEE CONVENIENCE & FOOD MART,1014 BARTON ST E  HAMILTON ON L8L 3E1,2022/10/16 00:00:00+00
248,21 299127 00 1K,Food Shop,Basic,DG-MED HOLDING INC O/A CANADIAN TIRE # 177,821 GOLF LINKS RD  ANCASTER ON,2022/07/06 00:00:00+00
249,14 285133 07 1K,Food Shop,Basic,DISCOUNT VARIETY (BIG BONUS),667 KING ST E  HAMILTON ON L8N 1E5,2022/09/13 00:00:00+00
250,21 298805 00 1K,Food Shop,Basic,DOLLAR CENTRAL,490 JAMES ST N  HAMILTON ON L8L 1J1,2022/04/21 00:00:00+00
251,15 287528 06 1K,Food Shop,Basic,DOLLAR CHOICE DISCOUNT STORE,1565 BARTON ST E  HAMILTON ON L8H 2X7,2022/04/20 00:00:00+00
252,18 295092 02 1K,Food Shop,Basic,DOLLAR GATE INC,149 BARTON ST E  HAMILTON ON,2022/07/04 00:00:00+00
253,14 283807 06 1K,Food Shop,Basic,DOLLAR STORE OUTLET,77 JAMES ST N  HAMILTON ON L8R 2K3,2022/02/25 00:00:00+00
254,14 286958 07 1K,Food Shop,Basic,DOLLAR TREE STORES CANADA INC. O.A DOLLAR TREE,1070 STONE CHURCH RD E  HAMILTON ON L8W 3K8,2022/12/22 00:00:00+00
255,14 286957 07 1K,Food Shop,Basic,DOLLAR TREE STORES CANADA INC. O/A DOLLAR TREE,94 DUNDAS ST E  FLAMBOROUGH ON,2022/12/17 00:00:00+00
256,18 294493 03 1K,Food Shop,Basic,DOLLAR TREE STORES CANADA INC. O/A DOLLAR TREE,502 CENTENNIAL PKWY N  HAMILTON ON,2022/08/14 00:00:00+00
257,14 275225 07 1K,Food Shop,Basic,DOLLARAMA L.P.,2 KING ST W  HAMILTON ON,2022/11/17 00:00:00+00
258,14 277071 07 1K,Food Shop,Basic,DOLLARAMA L.P.,101 OSLER DR  DUNDAS ON,2022/06/17 00:00:00+00
259,14 277073 07 1K,Food Shop,Basic,DOLLARAMA L.P.,16 WILSON ST W  ANCASTER ON L9G 1N2,2022/06/17 00:00:00+00
260,14 277074 07 1K,Food Shop,Basic,DOLLARAMA L.P.,998 UPPER WENTWORTH ST  HAMILTON ON,2022/06/17 00:00:00+00
261,14 277075 07 1K,Food Shop,Basic,DOLLARAMA L.P.,640 MOHAWK RD W  HAMILTON ON L9C 1X6,2022/06/17 00:00:00+00
262,14 277159 07 1K,Food Shop,Basic,DOLLARAMA L.P.,1508 UPPER JAMES ST  HAMILTON ON,2022/06/18 00:00:00+00
263,14 277161 07 1K,Food Shop,Basic,DOLLARAMA L.P.,1015 GOLF LINKS RD  ANCASTER ON L9K 1L6,2022/06/17 00:00:00+00
264,14 286608 07 1K,Food Shop,Basic,DOLLARAMA L.P.,157 MAIN ST E  HAMILTON ON,2022/12/15 00:00:00+00
265,16 290654 05 1K,Food Shop,Basic,DOLLARAMA L.P.,601 UPPER GAGE AVE  HAMILTON ON L8V 4J7,2022/02/17 00:00:00+00
266,14 282395 06 1K,Food Shop,Basic,DOLLARAMA LP,1267 BARTON ST E  HAMILTON ON L8H 2V4,2022/03/20 00:00:00+00
267,18 294792 03 1K,Food Shop,Basic,DOLLARAMA LP,905 RYMAL RD E  HAMILTON ON L8W 3M2,2022/09/13 00:00:00+00
268,18 294793 03 1K,Food Shop,Basic,DOLLARAMA LP,2273 RYMAL RD 2-5 STONEY CREEK ON,2022/09/11 00:00:00+00
269,18 294794 03 1K,Food Shop,Basic,DOLLARAMA LP,869 BARTON ST E  HAMILTON ON L8L 3B4,2022/09/13 00:00:00+00
270,18 294795 03 1K,Food Shop,Basic,DOLLARAMA LP,1550 UPPER JAMES ST  HAMILTON ON L9B 1K3,2022/10/05 00:00:00+00
271,18 294796 02 1K,Food Shop,Basic,DOLLARAMA LP,75 CENTENNIAL PKWY N  HAMILTON ON L8E 2P2,2022/02/08 00:00:00+00
272,18 294797 03 1K,Food Shop,Basic,DOLLARAMA LP,86 MAIN ST  DUNDAS ON L9H 2R1,2022/09/13 00:00:00+00
273,18 294798 03 1K,Food Shop,Basic,DOLLARAMA LP,700 QUEENSTON RD  HAMILTON ON L8G 1A3,2022/09/13 00:00:00+00
274,18 294799 03 1K,Food Shop,Basic,DOLLARAMA LP,50 HORSESHOE CRES  FLAMBOROUGH ON,2022/09/13 00:00:00+00
275,19 296519 02 1K,Food Shop,Basic,DOLLARAMA LP,447 MAIN ST E  HAMILTON ON L8N 1K1,2022/07/30 00:00:00+00
276,19 296574 02 1K,Food Shop,Basic,DOLLARAMA LP,1124 MAIN ST E  HAMILTON ON L8M 1N9,2022/08/28 00:00:00+00
277,19 296707 02 1K,Food Shop,Basic,DOLLARAMA LP,102 HWY 8  STONEY CREEK ON L8G 4H3,2022/09/17 00:00:00+00
278,19 297098 02 1K,Food Shop,Basic,DOLLARAMA LP,651 UPPER JAMES ST B1 HAMILTON ON,2022/11/22 00:00:00+00
279,19 297162 02 1K,Food Shop,Basic,DOLLARAMA LP,1370 SOUTH SERVICE RD  STONEY CREEK,2022/12/06 00:00:00+00
280,20 298418 00 1K,Food Shop,Basic,DOLLARAMA LP,1776 STONE CHURCH RD E  STONEY CREEK ON,2022/05/18 00:00:00+00
281,20 297768 01 1K,Food Shop,Bake Shop,DOLLED UP DESSERTS GLUTEN FREE AND VEGAN BAKING INC.,142 JAMES ST N  HAMILTON ON,2022/06/17 00:00:00+00
282,16 123638 06 1K,Food Shop,Butcher,DUARTE SUPERMARKET,417 BARTON ST E  HAMILTON ON L8L 2Y4,2022/02/07 00:00:00+00
283,15 290451 06 1K,Food Shop,Basic,DUNDAS VALLEY MEDICAL PHARMACY INC.,105 KING ST W  DUNDAS ON,2023/01/11 00:00:00+00
284,15 287515 06 1K,Food Shop,Basic,DUNDURN VARIETY,268 DUNDURN ST S  HAMILTON ON L8P 4K9,2022/05/13 00:00:00+00
285,15 279866 06 1K,Food Shop,Basic,DURRANI PHARMACIES O/A SHOPPERS DRUG MART( #1041),753 MAIN ST E  HAMILTON ON,2022/04/30 00:00:00+00
286,14 286302 07 1K,Food Shop,Basic,DUTCH TOKO LIMITED O/A DUTCH TOKO,752 UPPER JAMES ST  HAMILTON ON,2022/06/24 00:00:00+00
287,14 171506 07 1K,Food Shop,Basic,DYMENT'S PUMPKIN PATCH,416 FALLSVIEW RD E  FLAMBOROUGH ON,2022/08/23 00:00:00+00
288,17 293245 04 1K,Food Shop,Basic,EAST HAMILTON CHEESE COMPANY,187 OTTAWA ST N  HAMILTON ON,2022/12/05 00:00:00+00
289,16 123796 06 1K,Food Shop,Basic,EASTGATE TUCK SHOP,45 BARLAKE AVE  HAMILTON ON L8E 3R6,2022/03/20 00:00:00+00
290,14 222213 07 1K,Food Shop,Basic,EASTWOOD VARIETY,529 MARY ST  HAMILTON ON L8L 4X6,2022/05/15 00:00:00+00
291,16 290874 05 1K,Food Shop,Fish Monger,EASY SEAFOOD LTD,640 QUEENSTON RD  HAMILTON ON L8K 1K2,2022/04/14 00:00:00+00
292,19 295863 02 1K,Food Shop,Fish Monger,EASY SEAFOOD LTD.,675 RYMAL RD E  HAMILTON ON,2022/07/19 00:00:00+00
293,16 291792 05 1K,Food Shop,Basic,EDUARDO IMPORTING LTD,357 HWY 8  STONEY CREEK ON L8G 1E7,2022/12/20 00:00:00+00
294,15 197840 07 1K,Food Shop,Multiple Food Shop,ELM GROCERY & DELI,44 KING ST E  STONEY CREEK ON L8G 1K1,2022/08/23 00:00:00+00
295,21 299931 00 1K,Food Shop,Caterer,ENTICING ICINGS,352 MILLEN RD  STONEY CREEK ON,2022/12/17 00:00:00+00
296,20 297657 01 1K,Food Shop,Caterer,ESCARPMENT KOMBUCHA COMPANY,811 KING ST E  HAMILTON ON L8M 1B1,2022/03/16 00:00:00+00
297,18 294650 02 1K,Food Shop,Basic,EWYN STUDIOS OF HAMILTON INC.,1070 STONE CHURCH RD E  HAMILTON ON L8W 3K8,2022/09/16 00:00:00+00
298,15 123775 07 1K,Food Shop,Basic,EXTRA VARIETY,1110 CANNON ST E  HAMILTON ON L8L 2H5,2022/09/06 00:00:00+00
299,15 281202 06 1K,Food Shop,Basic,EZ MART,195 PARKDALE AVE N  HAMILTON ON,2022/04/14 00:00:00+00
300,14 151154 07 1K,Food Shop,Basic,F & C FOOD IMPORTING INC,345 GRAYS RD  HAMILTON ON,2022/12/13 00:00:00+00
301,19 296218 02 1K,Food Shop,Caterer,FAIRLY FROSTED INC.,811 KING ST E  HAMILTON ON L8M 1B1,2022/06/11 00:00:00+00
302,21 299935 00 1K,Food Shop,Caterer,FALAFELA INC.,811 KING ST E  HAMILTON ON L8M 1B1,2022/12/24 00:00:00+00
303,14 181316 07 1K,Food Shop,Basic,FARM FRESH COUNTRY MARKET,386 BARTON ST  STONEY CREEK ON L8E 2K9,2022/05/22 00:00:00+00
304,17 292126 04 1K,Food Shop,Basic,FGL SPORTS LTD FGL SPORTING GOODS O/A PRO HOCKEY LIFE,1779 STONE CHURCH RD E 2 STONEY CREEK ON,2022/05/04 00:00:00+00
305,17 292124 04 1K,Food Shop,Basic,FGL SPORTS LTD FGL SPORTS LTEE O/A NATIONAL SPORTS,970 UPPER WENTWORTH ST  HAMILTON ON,2022/03/23 00:00:00+00
306,17 292125 04 1K,Food Shop,Basic,FGL SPORTS LTD FGL SPORTS LTEE O/A SPORT CHEK,14 MARTINDALE CRES  ANCASTER ON,2022/03/30 00:00:00+00
307,17 292129 04 1K,Food Shop,Basic,FGL SPORTS LTD FGL SPORTS LTEE O/A SPORT CHEK,75 CENTENNIAL PKWY N  HAMILTON ON L8E 2P2,2022/03/27 00:00:00+00
308,17 292379 04 1K,Food Shop,Basic,FGL SPORTS LTD FGL SPORTS LTEE O/A SPORT CHEK,17 CLAPPISON AVE  FLAMBOROUGH ON,2022/05/15 00:00:00+00
309,18 292128 04 1K,Food Shop,Basic,FGL SPORTS LTD FGL SPORTS LTEE O/A SPORT CHEK,999 UPPER WENTWORTH ST  HAMILTON ON L9A 4X5,2022/04/26 00:00:00+00
310,15 290385 06 1K,Food Shop,Basic,FIDDES WHOLESALE PRODUCE CO,60 EWEN RD  HAMILTON ON L8S 3C5,2022/11/27 00:00:00+00
311,21 299208 00 1K,Food Shop,Caterer,FIT ORGANIX INC O/A FIT ORGANIX,98 VINE ST  HAMILTON ON,2022/09/04 00:00:00+00
312,17 293219 04 1K,Food Shop,Basic,FLAMBORO VALLEY CAMPING RESORT LTD 1430216 ONT LTD,1158 REGIONAL RD 97  FLAMBOROUGH ON,2022/09/04 00:00:00+00
313,14 171549 07 1K,Food Shop,Bake Shop,FLEETWOOD ACRES HOMESTYLE BAKERY LTD,1847 CENTRE RD  FLAMBOROUGH ON,2022/10/04 00:00:00+00
314,15 287693 06 1K,Food Shop,Caterer,FOUNDRY ICE CREAM INC,9 NAPIER ST N  DUNDAS ON,2022/07/16 00:00:00+00
315,21 299177 00 1K,Food Shop,Basic,FRESHCO,700 QUEENSTON RD  HAMILTON ON L8G 1A3,2022/06/21 00:00:00+00
316,21 299173 00 1K,Food Shop,Caterer,FURY HOT SAUCE INC.,811 KING ST E  HAMILTON ON L8M 1B1,2022/09/28 00:00:00+00
317,17 292415 04 1K,Food Shop,Basic,GATEWAY NEWSTANDS #631,2 KING ST W  HAMILTON ON,2022/08/10 00:00:00+00
318,15 123518 06 1K,Food Shop,Bake Shop,GENUINE BAKERY LTD,1002 BARTON ST E  HAMILTON ON,2022/04/24 00:00:00+00
319,18 294906 02 1K,Food Shop,Basic,GIANT TIGER STORES LIMITED O/A GIANT TIGER,1211 BARTON ST E  HAMILTON ON L8H 2V4,2022/02/08 00:00:00+00
320,17 291999 04 1K,Food Shop,Caterer,GIMMIE SOME SUGAR,12 MCDONALD CRT  FLAMBOROUGH ON,2022/04/25 00:00:00+00
321,21 298690 01 1K,Food Shop,Bake Shop,GLENDALE BAKERY LIMITED,205 QUIGLEY RD  HAMILTON ON L8K 5M8,2023/02/12 00:00:00+00
322,14 252234 07 1K,Food Shop,Basic,GOODNESS ME! NATURAL FOOD MARKET,176 LOCKE ST S  HAMILTON ON L8R 4A9,2022/05/03 00:00:00+00
323,15 284058 06 1K,Food Shop,Basic,GORJAN RISKOVSKI PHARMACY INC O/A SHOPPERS DRUG MART,75 CENTENNIAL PKWY N  HAMILTON ON L8E 2P2,2022/04/09 00:00:00+00
324,15 285765 06 1K,Food Shop,Butcher,GOURMET MEATS LIMITED,4262 HWY 6  GLANBROOK ON,2022/02/06 00:00:00+00
325,19 296146 02 1K,Food Shop,Basic,GP TROTT PHARMACY LTD. O/A SHOPPERS DRUG MART #1299,1411 UPPER SHERMAN AVE  HAMILTON ON,2022/06/21 00:00:00+00
326,16 123964 06 1K,Food Shop,Basic,GRAY'S CONVENIENCE,309 GRAYS RD  HAMILTON ON L8E 1V6,2022/03/05 00:00:00+00
327,18 293811 03 1K,Food Shop,Multiple Food Shop,GREAT CANIDIAN DOLLAR STORE,255 DUNDAS ST E  FLAMBOROUGH ON L0R 2H1,2022/04/06 00:00:00+00
328,14 228477 07 1K,Food Shop,Basic,GREEN'S VARIETY,274 BARTON ST  STONEY CREEK ON L8E 2K5,2022/06/03 00:00:00+00
329,18 294804 03 1K,Food Shop,Basic,GROCERYZONE INC.,55 PARKDALE AVE N  HAMILTON ON L8H 5W7,2022/09/17 00:00:00+00
330,18 294431 03 1K,Food Shop,Basic,H. HEJAZI PHARMACY LTD O/A SHOPPERS DRUG MART,1183 BARTON ST E  HAMILTON ON L8H 2V4,2022/07/11 00:00:00+00
331,20 297892 01 1K,Food Shop,Basic,H. HEJAZI PHARMACY LTD. O/A SHOPPERS DRUG MART,140 HWY 8  STONEY CREEK ON L8G 1C2,2022/07/28 00:00:00+00
332,14 275923 07 1K,Food Shop,Basic,HAGGLER'S MARKET PLACE,1565 BARTON ST E  HAMILTON ON L8H 2X7,2022/07/27 00:00:00+00
333,16 123741 06 1K,Food Shop,Basic,HAM & DIST ASSOC FOR COMM LIVING,191 YORK BLVD  HAMILTON ON,2022/03/15 00:00:00+00
334,15 123636 07 1K,Food Shop,Butcher,HAMILTON KOSHER,889 KING ST W  HAMILTON ON L8S 1K5,2022/08/27 00:00:00+00
335,21 299415 00 1K,Food Shop,Fish Monger,HAMMERHEAD'S FRESH ON LOCKE!,140 LOCKE ST S  HAMILTON ON L8P 4A9,2022/09/03 00:00:00+00
336,15 124047 07 1K,Food Shop,Basic,HAMMOCKS MONIMBO,163 JAMES ST N  HAMILTON ON,2022/08/06 00:00:00+00
337,14 207113 07 1K,Food Shop,Basic,HANAN INC. O/A PETRO CANADA,1366 MAIN ST E  HAMILTON ON L8K 1B7,2022/06/27 00:00:00+00
338,16 290651 05 1K,Food Shop,Basic,HARRINGTON LANE FARMS LTD.,9 MAIN ST S  FLAMBOROUGH ON,2022/02/17 00:00:00+00
339,18 295459 02 1K,Food Shop,Basic,HART STORES INC O/A HART STORES 99,77 JAMES ST N  HAMILTON ON L8R 2K3,2022/02/04 00:00:00+00
340,19 296236 02 1K,Food Shop,Basic,HEAL LIFESTYLE INC. O/A HEAL WELLNESS,584 CONCESSION ST  HAMILTON ON,2022/07/04 00:00:00+00
341,15 279364 07 1K,Food Shop,Basic,HIENG FAMILY,35 YORK BLVD  HAMILTON ON,2023/01/26 00:00:00+00
342,15 290412 06 1K,Food Shop,Basic,HIGHLAND POULTRY FINE FOODS LTD,225 NEBO RD 1 HAMILTON ON,2022/12/08 00:00:00+00
343,18 295132 03 1K,Food Shop,Basic,HOME DEPOT OF CANADA,350 CENTENNIAL PKWY N  HAMILTON ON,2022/11/08 00:00:00+00
344,18 295133 03 1K,Food Shop,Basic,HOME DEPOT OF CANADA,122 MARTINDALE CRES  ANCASTER ON,2022/10/23 00:00:00+00
345,18 295136 03 1K,Food Shop,Basic,HOME DEPOT OF CANADA,1775 STONE CHURCH RD E  HAMILTON ON,2022/10/24 00:00:00+00
346,21 299460 00 1K,Food Shop,Basic,HOOKAH CAFE,2070 RYMAL RD E  HANNON ON L0R 1P0,2022/09/07 00:00:00+00
347,20 298183 01 1K,Food Shop,Bake Shop,HOTTI BISCOTTI,35 YORK BLVD  HAMILTON ON,2022/10/01 00:00:00+00
348,18 295219 03 1K,Food Shop,Basic,HUDSON'S BAY,999 UPPER WENTWORTH ST  HAMILTON ON L9A 4X5,2022/11/15 00:00:00+00
349,17 291868 04 1K,Food Shop,Basic,HUONG TRANG FISH MARKET,35 YORK BLVD  HAMILTON ON,2022/02/10 00:00:00+00
350,18 294809 02 1K,Food Shop,Caterer,ICING ON TOP,270 MCNEILLY RD  STONEY CREEK ON,2022/08/16 00:00:00+00
351,15 124006 07 1K,Food Shop,Basic,IMPERIAL VARIETY,220 WELLINGTON ST N  HAMILTON ON L8L 5A8,2022/10/30 00:00:00+00
352,21 299153 00 1K,Food Shop,Caterer,INDONESIAN'S FLAVOUR,811 KING ST E  HAMILTON ON L8M 1B1,2022/06/18 00:00:00+00
353,14 140344 06 1K,Food Shop,Fish Monger,INTERNATIONAL FISH MARKET LTD.,205 JAMES ST N  HAMILTON ON,2022/02/16 00:00:00+00
354,17 292096 04 1K,Food Shop,Basic,INTERNATIONAL NEWS,135 FENNELL AVE W  HAMILTON ON L9C 1E9,2022/03/30 00:00:00+00
355,15 290403 06 1K,Food Shop,Basic,ISHFAQ MEDICARE INC O/A SHOPPERS DRUG MART #1044,35 WILSON ST W  ANCASTER ON L9G 1N1,2022/12/08 00:00:00+00
356,19 296898 02 1K,Food Shop,Basic,ISHFAQ MEDICARE INC.,663 UPPER JAMES ST  HAMILTON ON,2022/10/15 00:00:00+00
357,19 296896 02 1K,Food Shop,Basic,J AHMAD DRUGS LTD O/A SHOPPERS DRUG MART,101 OSLER DR  DUNDAS ON,2022/10/23 00:00:00+00
358,15 278104 06 1K,Food Shop,Basic,J AHMAD DRUGS LTD O/A SHOPPERS DRUG MART #1458,620 KING ST W  HAMILTON ON L8S 1C2,2022/03/23 00:00:00+00
359,18 294395 02 1K,Food Shop,Basic,J. THOMSON PHARMACY LIMITED O/A SHOPPERS DRUG MART,181 MAIN ST W  HAMILTON ON L8P 4S1,2022/02/12 00:00:00+00
360,21 299242 00 1K,Food Shop,Basic,J. THOMSON PHARMACY LIMITED O/A SHOPPERS DRUG MART,969 FENNELL AVE E  HAMILTON ON L8T 1R1,2022/07/14 00:00:00+00
361,14 285372 07 1K,Food Shop,Basic,J. THOMSON PHARMACY LIMITED O/A SHOPPERS DRUG MART #1319,510 CONCESSION ST  HAMILTON ON,2022/11/15 00:00:00+00
362,21 299255 00 1K,Food Shop,Butcher,J. WALDRON BUTCHERS,353 BARTON ST E  HAMILTON ON,2022/08/06 00:00:00+00
363,14 280818 07 1K,Food Shop,Basic,J.R. GIUDICE PHARMACY INC. O/A SHOPPER'S DRUG MART #692,399 GREENHILL AVE  HAMILTON ON L8K 5E5,2023/01/04 00:00:00+00
364,14 280687 07 1K,Food Shop,Basic,JAANU INC/ SUNRISE MARKET,217 CANNON ST E  HAMILTON ON L8L 2A9,2022/11/16 00:00:00+00
365,21 299593 00 1K,Food Shop,Basic,JAMS STORE INC O/A NEW YORK NEWS,927 KING ST E  HAMILTON ON,2022/10/12 00:00:00+00
366,15 279448 07 1K,Food Shop,Basic,JANTZI CHEESE,35 YORK BLVD  HAMILTON ON,2023/01/25 00:00:00+00
367,14 286018 07 1K,Food Shop,Basic,JAS SODHI PHARMACY INC O/A SHOPPERS DRUG MART #1460,1341 MAIN ST W  HAMILTON ON L8S 1C6,2022/04/03 00:00:00+00
368,18 294711 03 1K,Food Shop,Basic,JAS SODHI PHARMACY INC O/A SHOPPPERS DRUG MART,981 KING ST W  HAMILTON ON L8S 1K9,2022/09/13 00:00:00+00
369,14 282592 07 1K,Food Shop,Basic,JAYVARDHAN CORPORATION O/A BIG BEE CONVENIENCE,910 QUEENSTON RD  STONEY CREEK ON L8G 1B5,2022/11/07 00:00:00+00
370,14 275792 06 1K,Food Shop,Basic,JEFF HANBALI DRUGS LTD.  O/A SHOPPERS DRUG MART,113 HERKIMER ST  HAMILTON ON,2022/04/23 00:00:00+00
371,15 279409 07 1K,Food Shop,Butcher,JEPSON'S FRESH MEATS,35 YORK BLVD  HAMILTON ON,2023/01/25 00:00:00+00
372,14 281764 06 1K,Food Shop,Basic,JEROME BROS POTATOES LTD,44 GARNER RD E  ANCASTER ON,2022/02/08 00:00:00+00
373,14 276043 07 1K,Food Shop,Basic,JESTAR CONVENIENCE STORE,12 ROBINSON ST  HAMILTON ON L8P 1Y5,2022/08/16 00:00:00+00
374,20 298281 01 1K,Food Shop,Basic,JJZ PHARMACY SERVICES INC. O/A SHOPPERS DRUG MART,801 MOHAWK RD W  HAMILTON ON L9C 1X7,2022/11/26 00:00:00+00
375,17 292871 04 1K,Food Shop,Basic,JOHN NARDINI DRUGS LIMITED O/A SHOPPERS DRUG MART #1180,369 HWY 8  STONEY CREEK ON,2022/08/22 00:00:00+00
376,21 299151 00 1K,Food Shop,Basic,JOSHY'S GOOD EATS,35 YORK BLVD  HAMILTON ON,2022/07/05 00:00:00+00
377,18 294246 03 1K,Food Shop,Basic,JOWAHAR PRODUCTIONS INC O/A SRH HEALTH FOODS,1230 BARTON ST E  HAMILTON ON,2022/07/23 00:00:00+00
378,15 279356 07 1K,Food Shop,Basic,JULIA'S FRESH POULTRY & EGGS,35 YORK BLVD  HAMILTON ON,2023/01/25 00:00:00+00
379,14 279895 07 1K,Food Shop,Basic,KC CONVENIENCE,128 PARKDALE AVE N  HAMILTON ON L8H 5X2,2022/06/15 00:00:00+00
380,19 295613 02 1K,Food Shop,Basic,KDC VENTURES INC O/A KING'S CROSS YOUR BRITISH STORE,50 KING ST E  DUNDAS ON,2022/03/25 00:00:00+00
381,21 299730 00 1K,Food Shop,Basic,KETO KRAVINGS,350 OTTAWA ST N  HAMILTON ON,2022/12/14 00:00:00+00
382,17 283477 07 1K,Food Shop,Basic,KING & JAMES CONVENIENCE,1 KING ST E  HAMILTON ON L8N 1A1,2022/11/13 00:00:00+00
383,14 216254 07 1K,Food Shop,Basic,KINN INVESTMENT LIMITED O/A GENERAL STORE,1407 BROCK RD  FLAMBOROUGH ON L9H 5E4,2022/10/24 00:00:00+00
384,14 206743 07 1K,Food Shop,Basic,KITCHEN FOOD FAIR #102,115 HAMILTON ST N  FLAMBOROUGH ON L8B 1A8,2022/09/09 00:00:00+00
385,19 296909 02 1K,Food Shop,Caterer,KITCHEN ISLAND,811 KING ST E  HAMILTON ON L8M 1B1,2022/10/18 00:00:00+00
386,15 123708 07 1K,Food Shop,Basic,KITMAN'S VARIETY,499 DUNSMURE RD  HAMILTON ON L8H 1G8,2022/07/25 00:00:00+00
387,19 296238 02 1K,Food Shop,Basic,KITTY'S ICE CREAM GARAGE,810 OLD HWY 8  FLAMBOROUGH ON,2022/07/15 00:00:00+00
388,14 172572 07 1K,Food Shop,Basic,KOLMIX FOODS INC,168 BARTON ST  STONEY CREEK ON,2022/11/28 00:00:00+00
389,14 286735 07 1K,Food Shop,Basic,LANDMARK 6 JACKSON SQUARE,2 KING ST W  HAMILTON ON,2022/09/18 00:00:00+00
390,14 279285 07 1K,Food Shop,Basic,LATIN FOOD AND PRODUCTS,55 YORK BLVD  HAMILTON ON,2023/01/21 00:00:00+00
391,21 298565 00 1K,Food Shop,Basic,LESLIE'S EUROPEAN DELI,55 YORK BLVD  HAMILTON ON,2022/02/12 00:00:00+00
392,14 279139 07 1K,Food Shop,Basic,LEYLANDS,316 DUNDAS ST E  FLAMBOROUGH ON,2023/01/08 00:00:00+00
393,19 295593 02 1K,Food Shop,Basic,LIBOR CORE LTD O/A DOLLAR STAR,2537 REGIONAL ROAD 56  GLANBROOK ON,2022/02/08 00:00:00+00
394,19 296305 02 1K,Food Shop,Caterer,L'IL DUTCH OVEN BAKERY,811 KING ST E  HAMILTON ON L8M 1B1,2022/07/10 00:00:00+00
395,15 279486 06 1K,Food Shop,Basic,LINA'S PASTRIES AND COFFEE,35 YORK BLVD  HAMILTON ON,2022/02/04 00:00:00+00
396,14 177878 07 1K,Food Shop,Bake Shop,LINDLEY FARM AND MARKET,900 FIDDLERS GREEN RD  ANCASTER ON,2022/04/25 00:00:00+00
397,18 294934 02 1K,Food Shop,Basic,LINDT& SPRUNGLI (CANADA) INC,999 UPPER WENTWORTH ST  HAMILTON ON L9A 4X5,2022/05/16 00:00:00+00
398,14 287037 07 1K,Food Shop,Basic,LOBLAWS INC O/A REAL CANADIAN WHOLESALE CLUB,2255 BARTON ST E  HAMILTON ON L8H 7T4,2022/12/19 00:00:00+00
399,21 299650 00 1K,Food Shop,Basic,LOLA LATIN GROCERY,245 JAMES ST N  HAMILTON ON,2022/11/25 00:00:00+00
400,18 295155 03 1K,Food Shop,Basic,LOWE'S COMPANIES CANCDA.  ULC,100 PORTIA DR  ANCASTER ON,2022/10/25 00:00:00+00
401,18 294335 03 1K,Food Shop,Basic,LUMINATI ENTERPRISES INC. O/A NEW YORK NEWS,1782 STONE CHURCH RD E  STONEY CREEK ON,2022/07/18 00:00:00+00
402,14 282216 06 1K,Food Shop,Bake Shop,LUSCIOUS D'S,23 GAGE AVE S  HAMILTON ON,2022/04/10 00:00:00+00
403,21 299791 00 1K,Food Shop,Bake Shop,LUSCIOUS D'S,35 YORK BLVD  HAMILTON ON,2022/11/10 00:00:00+00
404,17 292158 04 1K,Food Shop,Basic,M & M  FOOD MARKET  O/A M & M MEAT SHOPS LTD,101 OSLER DR  DUNDAS ON,2022/04/27 00:00:00+00
405,18 295299 03 1K,Food Shop,Basic,M & V INTENT INC O/A GOOD HEALTG MART,640 MOHAWK RD W  HAMILTON ON L9C 1X6,2022/12/05 00:00:00+00
406,17 292168 04 1K,Food Shop,Basic,M&M FOOD MARKET,998 UPPER WENTWORTH ST  HAMILTON ON,2022/04/21 00:00:00+00
407,17 293406 03 1K,Food Shop,Basic,M&M MEAT SHOPS LTD. ,1090 WILSON ST W  ANCASTER ON,2022/04/13 00:00:00+00
408,17 292313 04 1K,Food Shop,Basic,M&M MEAT SHOPS LTD. O/A M&M FOOD MARKET,64 HAMILTON ST N  FLAMBOROUGH ON L0R 2H6,2022/05/12 00:00:00+00
409,19 296614 02 1K,Food Shop,Basic,M. MOSLIM PHARMACY LTD O/A PHARMASAVE,640 QUEENSTON RD  HAMILTON ON L8K 1K2,2022/08/15 00:00:00+00
410,21 299091 00 1K,Food Shop,Caterer,MADAM BONBON,1375 KING ST E  HAMILTON ON,2022/05/20 00:00:00+00
411,14 278852 07 1K,Food Shop,Basic,MAGGMORG INC O/A MARBLE SLAB CREAMERY,1550 UPPER JAMES ST  HAMILTON ON L9B 1K3,2022/12/22 00:00:00+00
412,16 124081 06 1K,Food Shop,Basic,MAIN CONVENIENCE,353 MAIN ST W  HAMILTON ON L8P 1K3,2022/03/06 00:00:00+00
413,20 297794 01 1K,Food Shop,Caterer,MAISY'S PEARL ,123 JAMES ST N  HAMILTON ON,2022/06/29 00:00:00+00
414,19 296880 01 1K,Food Shop,Bake Shop,MAKA CORP O/A COBS BREAD BAKERY,1187 WILSON ST W UNIT 3 ANCASTER ON,2022/01/30 00:00:00+00
415,14 229419 07 1K,Food Shop,Basic,MAMA AFRICA TROPICAL FOOD,424 CANNON ST E  HAMILTON ON,2022/08/05 00:00:00+00
416,20 298003 01 1K,Food Shop,Caterer,MAMEY,811 KING ST E  HAMILTON ON L8M 1B1,2022/08/27 00:00:00+00
417,20 298215 01 1K,Food Shop,Caterer,MARCI'S BAKERY,221 BARTON ST  STONEY CREEK ON,2022/11/18 00:00:00+00
418,15 287350 06 1K,Food Shop,Basic,MASTERMIND GP INC O/A MASTERMIND TOYS,803 GOLF LINKS RD  ANCASTER ON,2022/04/15 00:00:00+00
419,18 293996 03 1K,Food Shop,Basic,MASTERMIND GP INC O/A MASTERMIND TOYS,2180 RYMAL RD E  GLANBROOK ON,2022/04/06 00:00:00+00
420,16 123694 06 1K,Food Shop,Basic,MATIAS SUPER MARKET,450 WELLINGTON ST N  HAMILTON ON L8L 5B3,2022/02/19 00:00:00+00
421,21 298725 00 1K,Food Shop,Caterer,MAY'S THAI KITCHEN,48 ALGONQUIN CRT  HAMILTON ON,2022/02/23 00:00:00+00
422,18 293938 03 1K,Food Shop,Basic,MBA DRUGS INC.  O/A SHOPPERS DRUG MART,2110 RYMAL RD E  GLANBROOK ON,2022/03/29 00:00:00+00
423,14 277089 07 1K,Food Shop,Basic,MCMASTER UNIVERSITY HOSPITALITY SERVICES,1280 MAIN ST W  HAMILTON ON L8S 4K1,2022/07/09 00:00:00+00
424,14 277096 07 1K,Food Shop,Basic,MCMASTER UNIVERSITY HOSPITALITY SERVICES,1280 MAIN ST W  HAMILTON ON L8S 4K1,2022/07/09 00:00:00+00
425,14 277098 07 1K,Food Shop,Bake Shop,MCMASTER UNIVERSITY HOSPITALITY SERVICES,1280 MAIN ST W  HAMILTON ON L8S 4K1,2022/09/27 00:00:00+00
426,14 278812 07 1K,Food Shop,Basic,MCMASTER UNIVERSITY HOSPITALITY SERVICES,1280 MAIN ST W  HAMILTON ON L8S 4K1,2022/12/03 00:00:00+00
427,14 278813 07 1K,Food Shop,Basic,MCMASTER UNIVERSITY HOSPITALITY SERVICES,1280 MAIN ST W  HAMILTON ON L8S 4K1,2022/12/03 00:00:00+00
428,13 147242 07 1K,Food Shop,Basic,METRO ONTARIO INC O/A FOOD BASICS,505 RYMAL RD E   B HAMILTON ON L9B 1B7,2022/11/28 00:00:00+00
429,14 261465 07 1K,Food Shop,Basic,METRO ONTARIO INC O/A FOOD BASICS,640 MOHAWK RD W  HAMILTON ON L9C 1X6,2022/11/30 00:00:00+00
430,14 277783 07 1K,Food Shop,Basic,METRO ONTARIO INC O/A FOOD BASICS,35 WILSON ST W  ANCASTER ON L9G 1N1,2022/11/27 00:00:00+00
431,15 250645 06 1K,Food Shop,Basic,METRO ONTARIO INC. O/A FOOD BASICS,724 MOHAWK RD E  HAMILTON ON L8T 2P8,2022/03/27 00:00:00+00
432,21 298697 00 1K,Food Shop,Bake Shop,MIKEYS CREAM PIES,775 BARTON ST E  HAMILTON ON L8L 3A9,2022/04/20 00:00:00+00
433,15 270366 06 1K,Food Shop,Basic,MIKHIAL (BLUE LINE VARIETY),160 JOHN ST S  HAMILTON ON L8N 2C4,2022/03/07 00:00:00+00
434,14 171727 07 1K,Food Shop,Multiple Food Shop,MILLGROVE PACKERS LIMITED,549 5TH CON RD W  FLAMBOROUGH,2022/11/29 00:00:00+00
435,20 297968 01 1K,Food Shop,Basic,MINISO LIFESTYLE CANADA,999 UPPER WENTWORTH ST  HAMILTON ON L9A 4X5,2022/09/01 00:00:00+00
436,21 299044 00 1K,Food Shop,Basic,MIX + FOOD MART,1256 KING ST E  HAMILTON ON L8M 1G8,2022/05/28 00:00:00+00
437,16 291760 05 1K,Food Shop,Basic,MORELLI AND ASSOCIATES DRUGS LTD,350 KING ST E  HAMILTON ON L8N 1C2,2022/12/06 00:00:00+00
438,19 296500 02 1K,Food Shop,Basic,NGUYEN HONG VARIETY ,64 CANNON ST W  HAMILTON ON L8R 2B5,2022/08/08 00:00:00+00
439,14 281294 07 1K,Food Shop,Caterer,NICOLA'S SPECIALTY FOODS CORPORATION,1576 STONE CHURCH RD E 10 HAMILTON ON,2022/07/13 00:00:00+00
440,21 298916 00 1K,Food Shop,Caterer,NIOLABAKES,4 TALENCE DR  STONEY CREEK ON,2022/05/07 00:00:00+00
441,14 185863 07 1K,Food Shop,Bake Shop,OAKRUN FARM BAKERY LTD,58 CARLUKE RD W  ANCASTER ON,2022/07/13 00:00:00+00
442,14 282315 07 1K,Food Shop,Basic,OLD NAVY (CANADA) INC.,999 UPPER WENTWORTH ST  HAMILTON ON L9A 4X5,2022/12/14 00:00:00+00
443,14 283025 07 1K,Food Shop,Multiple Food Shop,OPIES MEATS,612 CONCESSION ST  HAMILTON ON,2022/07/30 00:00:00+00
444,16 290661 05 1K,Food Shop,Basic,PARAMOUNT PHARMACY (2000) INC O/A PHARMASAVE,1795 STONE CHURCH RD E 5 STONEY CREEK ON,2022/02/17 00:00:00+00
445,14 285154 07 1K,Food Shop,Basic,PARKSIDE CONVENIENCE,285 PARKSIDE DR  FLAMBOROUGH ON L9H 2S7,2022/09/20 00:00:00+00
446,16 291262 05 1K,Food Shop,Basic,PARON CHEESE CO LTD,410 REGIONAL ROAD 20  GLANBROOK ON,2022/07/14 00:00:00+00
447,21 299532 00 1K,Food Shop,Basic,PAY N RUN CONVENIENCE,1221 LIMERIDGE RD E  HAMILTON ON L8W 1Y1,2022/11/18 00:00:00+00
448,15 123934 07 1K,Food Shop,Basic,PAYLESS CONVENIENCE,146 KENILWORTH AVE N  HAMILTON ON L8H 4R8,2022/09/04 00:00:00+00
449,21 299865 00 1K,Food Shop,Multiple Food Shop,PEACHY COOKIES,19 MONZA DR  STONEY CREEK ON,2022/11/26 00:00:00+00
450,17 292519 04 1K,Food Shop,Basic,PELMEN FACTORY OUTLET INC.,2545 BARTON ST E  HAMILTON ON,2022/07/04 00:00:00+00
451,19 296231 02 1K,Food Shop,Basic,PERKS VARIETY,272 BARTON ST E  HAMILTON ON L8L 2X3,2022/08/14 00:00:00+00
452,19 296800 02 1K,Food Shop,Basic,PETRO PASS #42475,740 PARKDALE AVE N  HAMILTON ON L8H 3Y2,2022/10/22 00:00:00+00
453,14 277417 06 1K,Food Shop,Basic,PICARD FOODS LTD O/A PICARD PEANUT'S,447 DUNDAS ST E  FLAMBOROUGH ON,2022/03/06 00:00:00+00
454,13 282126 07 1K,Food Shop,Bake Shop,PICTURE PERFECT CAKE,369 KING ST W  DUNDAS ON,2022/10/16 00:00:00+00
455,17 292434 02 1K,Food Shop,Caterer,PLAN B ORGANIC FARMS,1377 5TH CON RD W  FLAMBOROUGH,2022/03/05 00:00:00+00
456,20 298512 00 1K,Food Shop,Caterer,PLATE UP,20 HIDDEN RIDGE CRES  GLANBROOK ON,2022/03/01 00:00:00+00
457,19 295566 02 1K,Food Shop,Basic,PLAYHOUSE CINEMA INC.,177 SHERMAN AVE N  HAMILTON ON,2022/07/17 00:00:00+00
458,18 294226 03 1K,Food Shop,Basic,PRAHAN INC O/A PETER'S CONVENIENCE,1050 UPPER GAGE AVE  HAMILTON ON L8V 5B7,2022/06/18 00:00:00+00
459,14 270573 07 1K,Food Shop,Basic,"PREMIER OPERATING CORPORATION LIMITED, O/A STARLITE DRIVE-IN",59 GREEN MOUNTAIN RD E  STONEY CREEK ON,2022/05/30 00:00:00+00
460,18 294898 03 1K,Food Shop,Basic,PRETTY GRIT,126 JAMES ST N  HAMILTON ON,2022/10/02 00:00:00+00
461,16 198123 07 1K,Food Shop,Basic,PRO'S GOLF CENTRE,22 GREEN MOUNTAIN RD E  STONEY CREEK ON L8J 2W4,2022/07/07 00:00:00+00
462,18 295391 02 1K,Food Shop,Basic,PROSPECT VARIETY,901 MAIN ST E  HAMILTON ON L8M 1M4,2022/05/22 00:00:00+00
463,15 123877 07 1K,Food Shop,Basic,PUN VARIETY  ,35 BROCK ST  HAMILTON ON L8L 4L7,2022/10/29 00:00:00+00
464,21 299272 00 1K,Food Shop,Basic,Q KASHIF PHARMACY LIMITED O/A SHOPPERS DRUG MART,1900 KING ST E  HAMILTON ON L8K 1W1,2022/07/21 00:00:00+00
465,19 295551 02 1K,Food Shop,Basic,Q STOP,140 KING ST E  HAMILTON ON L8N 1A3,2022/04/10 00:00:00+00
466,14 285573 07 1K,Food Shop,Basic,R & K RETAIL STORE LTD,44 FRANCIS ST  HAMILTON ON 383 3V3,2022/11/28 00:00:00+00
467,14 287015 07 1K,Food Shop,Basic,R.C. PURDY CHOCOLATES LTD. O/A PURDYS CHOCLATIER,999 UPPER WENTWORTH ST  HAMILTON ON L9A 4X5,2022/11/13 00:00:00+00
468,21 299916 00 1K,Food Shop,Basic,RADHE-KRISHANA INC O/A ARHA VARIETY,527 JAMES ST N  HAMILTON ON L8L 1J6,2023/01/24 00:00:00+00
469,18 293906 03 1K,Food Shop,Basic,RAMI SAFI PHARMACIES INC.  O/A SHOPPERS DRUG MART,232 CANNON ST E  HAMILTON ON,2022/03/29 00:00:00+00
470,20 298154 01 1K,Food Shop,Basic,RAM-RAHIM INC. O/A HASTY MARKET,130 QUEENSTON RD  HAMILTON ON L8K 1G6,2022/11/06 00:00:00+00
471,15 123630 07 1K,Food Shop,Butcher,RANKO'S MEAT & DELICATESSEN,1111 CANNON ST E  HAMILTON ON,2022/09/24 00:00:00+00
472,14 281091 07 1K,Food Shop,Basic,RED HILL COFFEE TRADE,35 YORK BLVD  HAMILTON ON,2022/03/01 00:00:00+00
473,21 298691 00 1K,Food Shop,Basic,RED SEA CLOTHING,72 JAMES ST N  HAMILTON ON,2022/03/08 00:00:00+00
474,17 291890 04 1K,Food Shop,Basic,REXALL/PHARMA PLUS PHARMACIES LTD,2 KING ST W  HAMILTON ON,2022/03/13 00:00:00+00
475,17 291891 05 1K,Food Shop,Basic,REXALL/PHARMA PLUS PHARMACIES LTD,126 QUEENSTON RD  HAMILTON ON,2023/01/13 00:00:00+00
476,17 291892 04 1K,Food Shop,Basic,REXALL/PHARMA PLUS PHARMACIES LTD,640 MOHAWK RD W  HAMILTON ON L9C 1X6,2022/02/16 00:00:00+00
477,17 291893 05 1K,Food Shop,Basic,REXALL/PHARMA PLUS PHARMACIES LTD,930 UPPER PARADISE RD  HAMILTON ON L5H 1B2,2023/01/17 00:00:00+00
478,17 291895 05 1K,Food Shop,Basic,REXALL/PHARMA PLUS PHARMACIES LTD,60 HATT ST  DUNDAS ON,2023/01/17 00:00:00+00
479,17 291896 04 1K,Food Shop,Basic,REXALL/PHARMA PLUS PHARMACIES LTD,102 HWY 8  STONEY CREEK ON L8G 4H3,2022/02/01 00:00:00+00
480,17 291897 05 1K,Food Shop,Basic,REXALL/PHARMA PLUS PHARMACIES LTD,505 RYMAL RD E   B HAMILTON ON L9B 1B7,2023/01/16 00:00:00+00
481,17 291898 05 1K,Food Shop,Basic,REXALL/PHARMA PLUS PHARMACIES LTD,447 MAIN ST E  HAMILTON ON L8N 1K1,2023/01/24 00:00:00+00
482,17 291899 05 1K,Food Shop,Basic,REXALL/PHARMA PLUS PHARMACIES LTD,1395 UPPER OTTAWA ST  HAMILTON ON,2023/01/16 00:00:00+00
483,17 293492 04 1K,Food Shop,Basic,REXALL/PHARMA PLUS PHARMACIES LTD,1119 FENNELL AVE E  HAMILTON ON,2023/01/16 00:00:00+00
484,19 296759 02 1K,Food Shop,Basic,REXALL/PHARMA PLUS PHARMACIES LTD,517 UPPER SHERMAN AVE  HAMILTON ON,2022/10/01 00:00:00+00
485,20 297280 02 1K,Food Shop,Basic,REXALL/PHARMA PLUS PHARMACIES LTD,730 UPPER JAMES ST  HAMILTON ON,2023/01/23 00:00:00+00
486,20 297281 02 1K,Food Shop,Basic,REXALL/PHARMA PLUS PHARMACIES LTD,331 DUNDURN ST S  HAMILTON ON L8P 4L5,2023/01/23 00:00:00+00
487,20 297329 02 1K,Food Shop,Basic,REXALL/PHARMA PLUS PHARMACIES LTD,370 WILSON ST E  ANCASTER ON,2023/01/30 00:00:00+00
488,19 296643 02 1K,Food Shop,Basic,REXALL/PHARMA PPLUS PHARMACIES# 8210,234 PARKDALE AVE N  HAMILTON ON L8H 5X5,2022/08/21 00:00:00+00
489,16 291375 05 1K,Food Shop,Basic,ROMANOS CHEESE,35 YORK BLVD  HAMILTON ON,2022/10/11 00:00:00+00
490,18 295326 03 1K,Food Shop,Basic,RONA INC.,52 DUNDAS ST E  FLAMBOROUGH ON L0R 2H2,2022/12/07 00:00:00+00
491,20 297805 01 1K,Food Shop,Basic,RONA INC.,624 PARKDALE AVE N  HAMILTON ON,2022/07/03 00:00:00+00
492,20 297806 01 1K,Food Shop,Basic,RONA INC.,1245 RYMAL RD E  HAMILTON ON,2022/06/30 00:00:00+00
493,20 297271 00 1K,Food Shop,Basic,ROSA'S GOURMET FOOD,35 YORK BLVD  HAMILTON ON,2022/04/06 00:00:00+00
494,21 299962 00 1K,Food Shop,Caterer,ROTI QUEEN,811 KING ST E  HAMILTON ON L8M 1B1,2023/01/10 00:00:00+00
495,14 245224 07 1K,Food Shop,Basic,ROYAL VARIETY AND VIDEO,418 WHITNEY AVE  HAMILTON ON L8S 2H6,2022/11/17 00:00:00+00
496,19 295601 02 1K,Food Shop,Basic,RRS PHARMACEUTICAL INC O/A WATERDOWN VILLAGE PHARMASAVE,283 DUNDAS ST E  FLAMBOROUGH ON,2022/04/10 00:00:00+00
497,14 287077 06 1K,Food Shop,Caterer,RUDY'S CAN'T FAIL INC. O/A RUDY'S CAN'T FAIL,66 HILLSIDE AVE  DUNDAS ON,2022/02/12 00:00:00+00
498,19 296814 02 1K,Food Shop,Basic,RUMIZ HOLDINGS INC O/A WESTCLIFFE HOME HARDWARE,640 MOHAWK RD W  HAMILTON ON L9C 1X6,2022/10/24 00:00:00+00
499,14 173153 07 1K,Food Shop,Basic,S.A.I.S. INTERNATIONAL INC O/A PUNJAB INTERNATIONAL,822 QUEENSTON RD  STONEY CREEK ON,2022/12/18 00:00:00+00
500,14 217329 07 1K,Food Shop,Basic,SAHIL GROCERY,450 HWY 8  STONEY CREEK ON,2022/11/25 00:00:00+00
501,19 296179 02 1K,Food Shop,Basic,SAKURA TEA LTD,1058 MAIN ST W  HAMILTON ON L8S 1B3,2022/06/18 00:00:00+00
502,14 279325 07 1K,Food Shop,Basic,SAM CANNELLA & SON INTERNATIONAL CHEESE LTD.,35 YORK BLVD  HAMILTON ON,2023/01/19 00:00:00+00
503,15 123559 07 1K,Food Shop,Bake Shop,SAM'S QUEENSTON BAKERY (HAM) LTD,341 QUEENSTON RD  HAMILTON ON,2022/10/24 00:00:00+00
504,17 292584 04 1K,Food Shop,Basic,SH GLOBAL INC.,2 KING ST W  HAMILTON ON,2022/08/21 00:00:00+00
505,18 295150 03 1K,Food Shop,Basic,SHIV-GANESH INC. O/A CITY MART,19 KING ST E  HAMILTON ON L8N 1A1,2022/11/02 00:00:00+00
506,13 245283 07 1K,Food Shop,Basic,SHOPPERS DRUG MART,902 MOHAWK RD E  HAMILTON ON,2022/07/06 00:00:00+00
507,14 287023 07 1K,Food Shop,Basic,SHOPPERS DRUG MART #1054,255 DUNDAS ST E  FLAMBOROUGH ON L0R 2H1,2022/12/19 00:00:00+00
508,15 286085 06 1K,Food Shop,Basic,SHREE LALJI CORPORATION O/A HASTY MARKET #321,2372 BARTON ST E  HAMILTON ON L8R 2W7,2022/04/09 00:00:00+00
509,21 299825 00 1K,Food Shop,Basic,SHRI KRISHNA CORPORATION O/A CITY CONVENIENCE,380 CROCKETT ST  HAMILTON ON L8V 1H9,2022/12/01 00:00:00+00
510,20 298005 01 1K,Food Shop,Caterer,SIMPLY SWEET CUPCAKES BY AMANDA,61 LEGGETT CRES  HAMILTON ON,2022/08/31 00:00:00+00
511,19 295464 01 1K,Food Shop,Basic,SIMPLY ZEN,183 OTTAWA ST N  HAMILTON ON L8H 3Z4,2022/06/01 00:00:00+00
512,20 298498 01 1K,Food Shop,Caterer,SIO BENTO,35 SPADARA DR  HAMILTON ON,2023/01/13 00:00:00+00
513,15 287490 06 1K,Food Shop,Basic,SKYWAY CIGAR STORE,243 KING ST E  HAMILTON ON L8N 1B6,2022/05/15 00:00:00+00
514,19 296108 02 1K,Food Shop,Caterer,SMITHERS SAUSAGES,811 KING ST E  HAMILTON ON L8M 1B1,2022/05/26 00:00:00+00
515,17 292114 04 1K,Food Shop,Basic,SNACKLICIOUS BOAT,136 JAMES ST S  HAMILTON ON,2022/06/15 00:00:00+00
516,14 179719 07 1K,Food Shop,Butcher,SOLDAAT'S POULTRY AND MEATS INC,1632 WILSON ST W  ANCASTER ON,2022/05/08 00:00:00+00
517,21 299812 00 1K,Food Shop,Basic,SOMALI MARKET ,94 CANNON ST W  HAMILTON ON,2023/01/14 00:00:00+00
518,16 291211 05 1K,Food Shop,Bake Shop,SOMERSET ORCHARDS,84 8TH CON RD E  FLAMBOROUGH,2022/06/22 00:00:00+00
519,21 299463 00 1K,Food Shop,Basic,SOOK INTERNATIONAL GROCERY INC.,288 GRAYS RD  HAMILTON ON,2022/10/01 00:00:00+00
520,18 294954 02 1K,Food Shop,Caterer,SOUPS FROM ME TO YOU INC.,307 8TH CON RD E  FLAMBOROUGH,2022/04/08 00:00:00+00
521,15 123633 07 1K,Food Shop,Butcher,SPRINGER'S MEATS INC,7 MORLEY ST  HAMILTON ON L8H 3R6,2022/12/03 00:00:00+00
522,15 123667 07 1K,Food Shop,Butcher,SPRINGER'S MEATS INC,19 MORLEY ST  HAMILTON ON,2022/12/03 00:00:00+00
523,14 254683 07 1K,Food Shop,Basic,ST. JOSEPHS HEALTHCARE,50 CHARLTON AVE E  HAMILTON ON,2022/06/29 00:00:00+00
524,16 123952 06 1K,Food Shop,Basic,STAROPOLSKIE DELIKATESY,711 BARTON ST E  HAMILTON ON,2022/02/20 00:00:00+00
525,21 299135 00 1K,Food Shop,Caterer,STASH FOOD COMPANY,42 KEMP DR  DUNDAS ON,2022/06/23 00:00:00+00
526,15 288141 06 1K,Food Shop,Basic,STINSON GROCERY,142 STINSON ST  HAMILTON ON L8N 1S6,2022/10/16 00:00:00+00
527,15 279417 06 1K,Food Shop,Bake Shop,SUNNY BAKERY LIMITED O/A GIBSON BAKERY,16 EARL ST  HAMILTON ON,2022/02/25 00:00:00+00
528,14 286663 07 1K,Food Shop,Basic,SUNRISE CONVENIENCE,134 OTTAWA ST N  HAMILTON ON L8H 3Z3,2022/09/11 00:00:00+00
529,14 261332 07 1K,Food Shop,Butcher,SUPER SAUSAGE 2003 LTD,1151 STONE CHURCH RD E  HAMILTON ON,2022/10/25 00:00:00+00
530,18 294242 03 1K,Food Shop,Butcher,SUPER SAUSAGE 2003 LTD,1439 UPPER OTTAWA ST  HAMILTON ON,2022/05/31 00:00:00+00
531,16 290758 05 1K,Food Shop,Basic,SUPERCARE PHARMASAVE HAMILTON LTD O/A PHARMASAVE,1575 UPPER OTTAWA ST  HAMILTON ON L8W 3E2,2022/03/22 00:00:00+00
532,20 298420 00 1K,Food Shop,Caterer,SUZY SWEET TOOTH,811 KING ST E  HAMILTON ON L8M 1B1,2022/02/11 00:00:00+00
533,21 299821 00 1K,Food Shop,Bake Shop,SUZY SWEET TOOTH,788 CONCESSION ST  HAMILTON ON L8V 1C9,2022/12/20 00:00:00+00
534,18 295286 03 1K,Food Shop,Caterer,SWEET & SIMPLE,942 MAIN ST E  HAMILTON ON,2022/11/28 00:00:00+00
535,14 282975 07 1K,Food Shop,Bake Shop,SWEET AVENUE CAKERY,286 DEWITT RD  STONEY CREEK ON,2022/07/05 00:00:00+00
536,17 292086 04 1K,Food Shop,Caterer,SWEET HOUSE,257 CARLA AVE 10 STONEY CREEK ON,2022/04/03 00:00:00+00
537,15 123544 07 1K,Food Shop,Bake Shop,SWEET PARADISE,630 STONE CHURCH RD W  HAMILTON ON,2022/09/24 00:00:00+00
538,20 298485 00 1K,Food Shop,Caterer,SWEETAILEENS BAKERY,10 SUMMERBERRY WAY  HAMILTON ON,2022/04/06 00:00:00+00
539,21 299303 00 1K,Food Shop,Caterer,SWEETS BY HARLEEN,87 KAUFMAN DR  GLANBROOK ON,2022/02/19 00:00:00+00
540,20 297876 01 1K,Food Shop,Basic,TA&A PLUS CANADA INC. O/A BIG BEE CONVENIENCE AND FOOD MART,784 CONCESSION ST  HAMILTON ON L8V 1C9,2022/07/14 00:00:00+00
541,20 298412 01 1K,Food Shop,Basic,TABBY'S VARIETY,437 KING ST E  HAMILTON ON L8N 1C5,2023/02/04 00:00:00+00
542,15 287994 06 1K,Food Shop,Basic,TAJ MAHAL SPICES & CHEESE INC.,356 WILSON ST E  ANCASTER ON,2022/08/11 00:00:00+00
543,21 298991 00 1K,Food Shop,Caterer,TARA CAKES KITCHEN,98 NARBONNE CRES  STONEY CREEK ON,2022/05/14 00:00:00+00
544,21 298869 00 1K,Food Shop,Basic,TASTY SCOOP ANCASTER LTD O/A TASTY SCOOP ANCASTER,1075 WILSON ST W  ANCASTER ON,2022/05/10 00:00:00+00
545,14 279251 06 1K,Food Shop,Butcher,THANGO MEATS INC,55 YORK BLVD  HAMILTON ON,2022/02/06 00:00:00+00
546,21 299346 00 1K,Food Shop,Basic,THE APPLE ORCHARD INC.,1668 HWY 6  FLAMBOROUGH ON,2022/08/18 00:00:00+00
547,16 290835 05 1K,Food Shop,Basic,THE DARWAY'S AFRICAN FOOD & BEAUTY SUPPLY,897 KING ST E  HAMILTON ON L8M 1B5,2022/06/16 00:00:00+00
548,21 299439 00 1K,Food Shop,Basic,THE FLOWER MARKET WATERDOWN INC.,255 DUNDAS ST E  FLAMBOROUGH ON L0R 2H1,2022/09/09 00:00:00+00
549,20 297819 01 1K,Food Shop,Basic,THE GLOSTER GROUP LIMITED O/A THE HORN OF PLENTY,24 KING ST W  DUNDAS ON,2022/06/18 00:00:00+00
550,19 296687 02 1K,Food Shop,Basic,THE LOCAL LIFE ON LOCKE,218 LOCKE ST S  HAMILTON ON L8R 4B4,2022/09/03 00:00:00+00
551,17 292074 04 1K,Food Shop,Caterer,THE PERFECT BITE BAKE SHOPPE,57 HIGHLAND RD W  STONEY CREEK ON,2022/04/18 00:00:00+00
552,14 194669 07 1K,Food Shop,Basic,THE STORE,3150 HOMESTEAD DR  GLANBROOK ON L0R 1W0,2022/12/11 00:00:00+00
553,19 295544 02 1K,Food Shop,Basic,THE URBAN VINE INC,134 KING ST W  DUNDAS ON L9H 1V2,2022/06/28 00:00:00+00
554,15 124066 07 1K,Food Shop,Basic,THE WALKER CHOCOLATE COMPANY LTD.,1050 KING ST W  HAMILTON ON L8S 1L5,2022/05/30 00:00:00+00
555,21 298652 00 1K,Food Shop,Bake Shop,TIBA RESTAURANT,301 CROCKETT ST  HAMILTON ON,2022/02/17 00:00:00+00
556,14 151816 07 1K,Food Shop,Basic,TONY'S NO FRILLS,770 UPPER JAMES ST  HAMILTON ON,2022/11/13 00:00:00+00
557,21 299273 00 1K,Food Shop,Basic,TORA ANCASTER (255) LIMITED O/A GIANT TIGER,120 PORTIA DR  ANCASTER ON L9G 0G1,2022/08/10 00:00:00+00
558,17 293271 04 1K,Food Shop,Basic,TORA HAMILTON (21) LIMITED O/A GIANT TIGER,33 CANNON ST E  HAMILTON ON L8L 1Z7,2022/11/08 00:00:00+00
559,17 293273 04 1K,Food Shop,Basic,"TORA HAMILTON(104) LIMITED (NANCY LESSARD, A/P )",969 UPPER OTTAWA ST  HAMILTON ON L8T 4V9,2022/11/08 00:00:00+00
560,14 277628 07 1K,Food Shop,Basic,TORA STONEY CREEK LIMITED O/A GIANT TIGER #176,800 QUEENSTON RD  STONEY CREEK ON L8G 1A7,2022/11/11 00:00:00+00
561,18 295311 03 1K,Food Shop,Basic,"TOYS ""R'' US CANADA INC",540 CENTENNIAL PKWY N  HAMILTON ON,2022/11/26 00:00:00+00
562,18 295312 03 1K,Food Shop,Basic,"TOYS ""R'' US CANADA INC",970 UPPER WENTWORTH ST  HAMILTON ON,2022/11/27 00:00:00+00
563,14 279349 07 1K,Food Shop,Basic,TRUONG PRODUCE,55 YORK BLVD  HAMILTON ON,2023/01/15 00:00:00+00
564,15 123871 07 1K,Food Shop,Basic,TURNER'S GROCERY & VARIETY,1061 CANNON ST E  HAMILTON ON L8L 2H9,2022/10/30 00:00:00+00
565,21 299400 00 1K,Food Shop,Caterer,ULTIMATE GIFT BOXES,138 RAMSDEN DR  HAMILTON ON,2022/08/23 00:00:00+00
566,15 179293 07 1K,Food Shop,Caterer,UNIQUE OCCASIONS,160 BRIAN BLVD  FLAMBOROUGH ON,2022/10/05 00:00:00+00
567,15 123558 07 1K,Food Shop,Bake Shop,VAGUEIRA BAKERY COFFEE & PASTRY,369 BARTON ST E  HAMILTON ON,2022/05/02 00:00:00+00
568,15 123706 07 1K,Food Shop,Basic,VENETIAN MEAT & SALAMI CO LTD,947 BURLINGTON ST E  HAMILTON ON L8L 4K6,2022/05/16 00:00:00+00
569,12 279761 07 1K,Food Shop,Butcher,VG MEATS,131 UPPER CENTENNIAL PKWY 1 STONEY CREEK ON,2022/03/06 00:00:00+00
570,14 282701 07 1K,Food Shop,Basic,VINNIE'S FRESH PASTA,35 YORK BLVD  HAMILTON ON,2022/05/22 00:00:00+00
571,21 299112 00 1K,Food Shop,Caterer,VZZZ'S CARIBBEAN CATERING,811 KING ST E  HAMILTON ON L8M 1B1,2022/06/02 00:00:00+00
572,14 283739 07 1K,Food Shop,Basic,WAL-MART CANADA CORP LICENCE AND PERMITS DEPARTMENT,1115 BARTON ST E  HAMILTON ON,2022/11/21 00:00:00+00
573,14 281537 07 1K,Food Shop,Basic,WALT'S VARIETY,589 BARTON ST E  HAMILTON ON,2022/07/12 00:00:00+00
574,14 274764 07 1K,Food Shop,Basic,WATER CONVENIENCE,2138 KING ST E  HAMILTON ON L8K 1W6,2022/11/17 00:00:00+00
575,15 179292 07 1K,Food Shop,Basic,WATERDOWN VARIETY,64 HAMILTON ST N  FLAMBOROUGH ON L0R 2H6,2022/08/22 00:00:00+00
576,14 286057 07 1K,Food Shop,Basic,WAWEL - GOPLANA LTD,693 BARTON ST E  HAMILTON ON,2022/04/24 00:00:00+00
577,20 297573 01 1K,Food Shop,Basic,WEEKS HOME HARDWARE,71 HAMILTON ST N  FLAMBOROUGH ON,2022/02/28 00:00:00+00
578,17 292914 04 1K,Food Shop,Bake Shop,WEIL'S OF  WESDALE,981 KING ST W  HAMILTON ON L8S 1K9,2022/11/06 00:00:00+00
579,14 276170 07 1K,Food Shop,Basic,WEST END COFFEE,690 MAIN ST W  HAMILTON ON L8P 1A4,2022/09/04 00:00:00+00
580,15 180380 07 1K,Food Shop,Basic,WHITNEY VARIETY,1815 MAIN ST W  HAMILTON ON L8S 1H6,2022/06/24 00:00:00+00
581,16 291473 05 1K,Food Shop,Basic,WINNERS MERCHANTS INTERNATIONAL LP O/A WINNERS,2130 RYMAL RD E  GLANBROOK ON,2022/10/17 00:00:00+00
582,16 291474 05 1K,Food Shop,Basic,WINNERS MERCHANTS INTERNATIONAL LP O/A WINNERS,1110 WILSON ST W  ANCASTER ON,2022/09/21 00:00:00+00
583,16 291475 05 1K,Food Shop,Basic,WINNERS MERCHANTS INTERNATIONAL LP O/A WINNERS,1508 UPPER JAMES ST  HAMILTON ON,2022/09/23 00:00:00+00
584,16 291476 05 1K,Food Shop,Basic,WINNERS MERCHANTS INTERNATIONAL LP O/A WINNERS,44 LEGEND CRT  ANCASTER ON,2022/09/27 00:00:00+00
585,15 123750 07 1K,Food Shop,Basic,WOK AROUND,23 DELAWANA DR  HAMILTON ON,2022/06/19 00:00:00+00
586,14 281140 07 1K,Food Shop,Basic,YAMIR PHARMACY LIMITED O/A SHOPPER'S DRUG MART,1000 GOLF LINKS RD  ANCASTER ON,2022/05/10 00:00:00+00
587,14 284608 07 1K,Food Shop,Basic,YOUNG VARIETY,155 VICTORIA AVE N  HAMILTON ON L8E 3L8,2022/07/27 00:00:00+00
588,21 298807 00 1K,Food Shop,Caterer,YOUR LOCAL BOULANGER (OPERATING OUT OF KITCHEN COLLECTIVE),811 KING ST E  HAMILTON ON L8M 1B1,2022/03/17 00:00:00+00
589,15 123716 07 1K,Food Shop,Basic,ZAFFRA FOOD SPECIALITIES LTD O/A HOUSE OF JAVA,166 JAMES ST S  HAMILTON ON L8P 3A2,2022/10/08 00:00:00+00
590,19 296358 02 1K,Food Shop,Basic,ZANE TRADING INC O/A MR LIQUIDATION,869 BARTON ST E  HAMILTON ON L8L 3B4,2022/11/04 00:00:00+00
591,14 187851 07 1K,Food Shop,Multiple Food Shop,ZARKY'S FINE FOODS ON DUNDURN,264 DUNDURN ST S  HAMILTON ON L8P 4K9,2022/08/15 00:00:00+00
592,16 123951 06 1K,Food Shop,Basic,ZARKY'S FINE PREPARED FOODS,20 HEMPSTEAD DR  HAMILTON ON,2022/02/21 00:00:00+00
593,13 283300 07 1K,Food Shop,Basic,ZARKY'S ON CONCESSION LIMITED,558 CONCESSION ST  HAMILTON ON,2022/08/16 00:00:00+00
594,15 287657 06 1K,Food Shop,Basic,ZIA SYED DRUG MART INC O/A SHOPPERS DRUG MART,1599 UPPER JAMES ST  HAMILTON ON,2022/06/02 00:00:00+00
595,21 299229 00 1K,Food Shop,Caterer,ZIMMER'S PLACE,278 SOUTH BEND RD E  HAMILTON ON,2022/08/03 00:00:00+00
596,21 298626 00 1K,Food Shop,Bake Shop,ZNOUD AL-HAMDANI INC,1070 STONE CHURCH RD E  HAMILTON ON L8W 3K8,2022/02/01 00:00:00+00
