Company Name,Sectors,Website,Contact,Location,Description
(GFL) Direct Line Environmental Corp. ,Waste Management,www.dlenv.com ,"Tom Kahler, V.P. Commercial Division<br />tkahler@dlenv.com<br />800 541-2527 ex 233",Pickering,A fully integrated liquid waste management company involved in the collection and processing of waste. 
(C.L.E.A.N.) - Closed Loop Environmental Alliance Network Inc. ,"Air Pollution Prevention and Control;Contracting and Engineering;Consulting; Education, Training and Information;Environmental Management Systems; Equipment;Research and Development;Remediation;Waste Management;Water and Wastewater Management",www.cleanalliance.com ,"George Poltis, President & CEO<br />gpolitis@cleanalliance.com<br />905 951-3244",Bolton,"C.L.E.A.N. is a one stop integrated service provider for environmental products and services, offering its clients a 'Closed Loop' approach with a responsible and affordable environmental solution for their environmental needs."
BSI Entropy International,Environmnetal Management Systems,bsi-entropy.com ,"Paul Stanfield, Direct Marketing Manager<br />paul.stanfield@bsi-entropy.com<br />613 254-8478 ex 223",Ottawa,BSI Entropy provides web-based auditable and integrated management system software solutions for leading organizations around the world to manage their risks.
2CG Inc ,Consulting,www.2cg.ca ,"Paul Vander Werf, President<br />2cg@sympatico.ca<br />519 317-7733",London,2cg are specialists in waste diversion and developing economically and environmentally sound strategies for the private and public sectors. Services include: Waste auditing Waste management planning studies
360 Energy Inc ,Air Pollution Prevention and Control;Energy Efficiency and Renewable Energy;Consulting,360energy.net ,"Lisa Vande Walle, Marketing and Sales Coordinator<br />lisa.vandewalle@360energy.net<br />905 634-8877 ex 22",Burlington,360 Energy Inc provides comprehensive energy management solutions to industrial organizations and sophisticated greenhouses.
5 Star Water Solutions ,Water and Wastewater Management,,"Ken Kinzie, President<br />ken@5starwatersolutions.ca<br /> 519 743-9800 ",Kitchener,"Residential, commercial and industrial sales and service for water softeners, purifiers, iron and sulfur filters."
A & A Environmental Services Inc. ,"Air Pollution Prevention and Control;Analytical Services, Data Collection and Analysis;Consulting;Environmental Management Systems;Remediation",www.AAenvironmental.ca ,"George Duncan, Dr.<br />gduncan@AAenvironmental.ca<br />705 642-9811",Kirkland Lake,"Broad-based environmental consulting firm specializing in site investigations, groundwater studies, indoor/outdoor air quality including stack testing, site remediation."
A Cubed IT Solutions Inc,Waste Management,www.freerecycling.ca ,"Will Seto, Recycling Director<br />info@freerecycling.ca<br />416 438-2823 ",Toronto,"FreeRecycling.ca is diligently working to turn your high-tech 'junk' into marketable commodities, and keeping them from becoming problems in the landfill."
A&L Canada Laboratories,"Analytical Services, Data Collection and Analysis",www.alcanada.com ,"Robert Deakin, Laboratory Director<br />rdeakin@alcanada.com<br />519 457-2575 ex 224",London,"Private laboratory specializing in soil, compost, fertilizer, manure, plant tissue, animal feed, and waste water. "
Aaroc Aggregates Ltd.  ,Waste Management,,"Jim Aarts, General Manager<br />jimaarts@aaroc.on.ca<br />519 652-2104",London,"Aaroc operates several locations, manufacturing and supplying quality aggregate materials. Delivery is available, either on a wholesale or retail basis and recyclable materials such as concrete, asphalt and brick are accepted for reprocessing."
Abacon Environmental Consultants Inc. ,Consulting,www.abacon.ca ,"Marek Jakubczyk, Principal<br />abacon@abacon.ca<br />905 893-9609",Woodbridge,"An environmental consulting company specializing in asbestos management and environmental site assessment. Other services include: mould assessment, indoor air quality, occupational hygiene and hazardous materials management."
Accomodating Green,"Ecotourism;Consulting;Education, Training and Information;Environmental Management Systems;Research and Development;Waste Management",accommodatinggreen.com ,"Sonya Graci, Director<br />sonyagraci@accommodatinggreen.com<br />647 839-1344",Toronto,"Consulting that focuses on integrating sustainability practices into business. Focus on sustainable tourism, environmental management systems, facilitation, environmental assessment, public consultation and training. "
Accurassay Laboratories ,"Analytical Services, Data Collection and Analysis",www.accurassay.com ,"George Duncan, Dr.<br />gduncan@accurassay.com<br />705 567-3361",Kirkland Lake,"Commercial environmental laboratory accredited and licensed for certain tests. Performs routine analysis of waters, effluents, soils, air for environmental contaminants."
Ace Manufacturing Inc.,Water and Wastewater Management,www.delpark-filters.com ,"Mike Butler, President<br />mike@delpark-filters.com<br />905 270-1863",Mississauga,"Manufacturers of Filtration equipment, gravity filters, weir systems, vacuum systems and clay flocculation systems."
ACG Technology Ltd. ,Air Pollution Prevention and Control;Equipment;Waste Management;Water and Waste Management,www.acgtechnology.com ,"Gregory Jackson, President<br />greg@acgtechnology.com<br />905 856-1414",Woodbridge,"Manufacturing, distribution and sales of municipal and industrial water, wastewater and stormwater treatment equipment and systems and odour control systems. "
ACI Instrumentation Limited,Equipment,www.aciltd.ca ,"Angelo Valente, President<br />valente@aciltd.ca<br />905 265-0063 ex 25",Woodbridge,Distributor of process control instrumentation
Activation Laboratories Ltd ,"Analytical Services, Data Collection and Analysis",www.actlabs.com ,"Dr. Eric Hoffman, President<br />hoffman@actlabs.com<br />905 648-9611 ex 123 ",Ancaster,"Complete range of analytical services for analyzing water, wastewater, soils, sediments and vegetation. Accredited to ISO 17025 for specific registered test by Standards Council of Canada.  Analyses available for all regulatory compliances."
Adhawk Communications Inc.,"Ecotourism;Consulting;Education, Training and Information",www.adhawk.ca ,"Cindy Milliken, Production Editor<br />milliken@adhawk.ca<br />613 723-8516",Ottawa,"Adhawk Communications creates and delivers social marketing campaigns and communications design in Canada and the United States - from concept to content to delivery in print, Web and e-media. "
Adomait Environmental Solutions Inc.,Air Pollution Prevention and Control,,"Martin Adomait, Mr.<br />adomait@execulink.com<br />519 576-4495",Kitchener,The company is involved in the testing and permitting of air emissions sources.
Advanced Environmental Corp.,"Air Pollution Prevention and Control;Consulting;Education, Training and Information;Remediation",www.advanced-enviro.com ,"Kevin Schmidt, Senior Occupational Hygienist<br />kevin.schmidt@advanced-enviro.com<br />519 652-6105",London,"Advanced Environmental Corp. specializes in hazardous materials management, occupational health and safety and environmental concerns. It is a service-oriented firm which can find safe, economical and practical solutions to environmental health and safety issues."
Advanced H.E.P.A. Technologies Inc.,Consulting,www.advancedhepa.com ,"Kevin Tinsley, Operations Manager<br />ktinsley@advancedhepa.com<br />905 602-0080",Mississauga,"Company tests H.E.P.A. filters, fume hoods, biological containment cabinets, clean benches, and cleanrooms. "
Adventus Remediation Technologies ,Remediation,www.adventusremediation.com ,"David Raymond, Sr. Project Manager<br />david.raymond@adventustech.com<br />905 273-5374 ex 224",Mississauga,"Adventus focuses on providing effective and economical technologies for remediation of soil, sediment, and water containing hard-to-treat contaminants."
AEL Environment,,www.aelenv.com,"John Van Egmond, Principal<br />jvanegmond@aeonegmond.com<br />800 267-4797 ex 225",Mississauga,Consulting Environmental Engineers for over 20 years.
Aercoustics Engineering Ltd. ,"Air Pollution Prevention and Control;Analytical Services, Data Collection and Analysis;Energy Efficiency and Renewable Energy;Consulting;Education, Training and Information;Environmental Management Systems;Environmental Design and Architecture;Research and Development",www.aercoustics.com ,"Vince Gambino, President<br />vgambino@aercoustics.com<br />416 249-3361 ex 224",Toronto,"Aercoustics Engineering Limited has dedicated itself to providing high quality consulting services in the science and engineering of acoustics, noise and vibration since its inception in 1971."
AET Group Inc. ,"Analytical Services, Data Collection and Analysis;Energy Efficiency and Renewable Energy; Contracting and Engineering;Consulting;Education, Training and Information;Environmental Management Systems;Environmental Design and Architecture;Research and Development;Remediation;Waste Management;Water and Wastewater Management",www.aet-group.com ,"Scott Frieburger, Principal/Senior Auditor<br />sfreiburger@aet-group.com<br />519 576-9723 ex 305 ",Kitchener,"AET Group is an environmental consulting company which provides a wide range of ecological, building science, environmental management and waste services. "
Aevitas Inc. ,Waste Management,www.aevitas.ca ,"Tom Maxwell, President<br />tom@aevitas.ca<br />519 740-3334 ex 23",Ayr,"A waste services company specializing fluorescent lamp recycling, mercury waste treatment, PCB waste treatment, hazardous waste disposal, industrial waste water disposal, transformer oil removal and recycling, and transformer maintenance services. "
Agat Laboratories ,"Analytical Services, Data Collection and Analysis",www.agatlabs.com ,"Marcus Maguire, General Manager<br />maguire@agatlabs.com<br />905 501-9998",Mississauga,"Environmental Chemistry Laboratory that specializes in air, water and soil testing falling under the Ontario Contaminated Site Guidelines, Ontario Drinking Water Standard, Regulation 558 and many other regulatory standards."
Agronovita Inc.,"Analytical Services, Data Collection and Analysis;Energy Efficiency and Renewable Energy;Contracting and Engineering;Consulting;Education, Training and Information;Research and Development;Services",www.agronovita.com ,"Patrick Girouard, President<br />patrick@agronovita.com<br />613 226-8117",Ottawa,"Consulting firm providing services in the areas of carbon management, bioenergy, biofuels and agribusiness. "
AiMS Environmental,Consulting;Environmental Management Systems;Remediation,www.aimsconsulting.com ,"Forry Fong, Project Manager<br />ffong@aimsconsulting.com<br />905 474-0058 ex 102 ",Markham ,"AiMS combines over thirty years of experience and expertise in the fields of geo-environmental, chemical and industrial engineering. "
Ainley Group,Consulting;Transportation;Waste Management;Water and Wastewater Management,www.ainleygroup.com ,"Norman Sandberg, Senior Environmental Technologist<br />sandberg@ainleygroup.com<br />705 445-3451 ex 124",Collingwood,"The Ainley Group is a Canadian owned multi-discipline consulting engineering and planning company with offices in Barrie, Belleville, Collingwood and Ottawa."
Airia Brands Inc.,Energy Efficiency and Renewable Energy,www.lifebreath.com ,"Michael Dailey, VP Sales and Marketing<br />mdailey@nutech-brands.com<br />519 457-1904",London,"Airia Brands Inc. is an ISO9001 registered company that manufactures residential, commercial and industrial air quality and energy recovery products."
Airzone One Ltd.,"Air Pollution Prevention and Control;Analytical Services, Data Collection and Analysis",www.airzoneone.com ,"Franco Di Giovanni, Senior Air Quality Modeller<br />fdi-giovanni@airzoneone.com<br />905 890-6957 ex 102",Mississauga,"Air Quality Consulting: Air Sampling, Monitoring and Analysis, Rapid-Response/On-Site Analysis, Occupational Health & Safety, Air Modelling, Emissions Reporting, Certificates of Approval (Air)."
Albarrie Canada ,,albarrie.com,"Vivian Chu, Marketing and development<br />vivian@albarrie.com<br />705 737-0551",Barrie,Nonwoven Needlefelts Technical Fabric Manufacturer 
Algonquin Clean Water Services Inc.,Water and Wastewater Management,www.cleanwaterservices.ca,"Doug Kyle, Owner/Operator<br />drkyle@interlinks.net<br />705 635-9816",Dwight,"Water treatment - commercial/residential, Iron, Sulfer, Manganese & Bacteria Removal Systems, Sales and Service MOE sampling - reg. 170/03 & 318 Muskoka, Haliburton, North Bay Areas"
Allan Clean Air Systems Limited ,"Air Pollution Prevention and Control;Analytical Services, Data Collection and Analysis",www.allancleanair.com ,"Joel Hutchinson, Manager<br />joel@allancleanair.com<br />519 453-8000 ",London,Industrial Air Pollution Control Solution Provider
ALS Laboratory Group - Environmental Div. (London),"Analytical Services, Data Collection and Analysis",www.alsenviro.com ,"Dan Van Bakel, Laboratory Manager<br />dan.vanbakel@alsenviro.com<br />519 652-6044",London,"ALS Environmental provides reliable analytical testing data that help consulting and engineering firms, industry, and governments around the world make informed decisions about their environmental projects."
Altech Environmental Consulting Ltd.,"Air Pollution Prevention and Control;Contracting and Engineering;Consulting;Education, Training and Information;Environmental Management Systems;Equipment;Remediation;Waste Management;Water and Wastewater Management",www.altech-group.com ,"Brian Bobbie, President<br />bbobbie@altech-group.com<br />416 467-5555 ex 245",Toronto,"We specialize in corporate environmental management, environmental assessments and engineering, contaminated site investigation and remediation, health & safety management, training, and industrial hygiene."
Pathogen Detection Systems Inc.,Equipment,www.pathogendetect.com ,"Peter Gallant, Vice President of Business Development and Regulatory Affairs<br />peter.gallant@pathogendetect.com<br /> 613-533-3321 Ext. 21",Kingston," PDS develops automated bacteriological testing systems for environmental, municipal, wastewater, recreational water, and industrial process water applications. Our fully-automated testing systems eliminate the need to transport samples to testing labs."
PCB Disposal Inc.,Waste Management,www.pcbdisposalinc.com ,"Eric Smith, President<br />esmith@pcbdisposalinc.com<br /> 905-428-6480",Ajax, Full service PCB management and destruction company including 'turnkey' PCB transformer replacement services.
PCE Sales and Engineering Inc.,Equipment,,"William O'Brien, Vice President<br />pceeng@accessv.com<br /> 416-299-4099",Toronto," We manufacture material handling equipment, bulk bag material handling equipment including storage silo and feeding systems, gravimetric and volumetric feeding systems and bulk bag unloading systems."
Peak Process Controls Inc.,"Air Pollution Prevention and Control;Analytical Services, Data Collection and Analysis;Energy Efficiency and Renewable Energy;Equipment;Waste Management;Water and Wastewater Management",www.peakprocess.com ,"Tom Medland, Sales<br />info@peakprocess.com<br /> 905-830-6835",Newmarket,"A world leader in the manufacture of process photometers for continuous quality control monitoring in liquids and gasses. Our goal is to provide our customers with knowledgeable and accurate information, high quality instrumentation and continued after sales support. "
Perry Johnson Registrars Inc.,Consulting,www.pjr.com,"1  Yonge Street, Suite 1801<br />Toronto, Ontario M5E 1W7",Toronto," Accredited by ANSI-RAB, RvA, JAB, UKAS, TGA, VDA, INMETRO and KBA, PJR provides third party audits for ISO 9000, ISO 9000:2000, ISO 14000, QS-9000, AS9100, VDA 6.1, TE Supplement andTL 9000."
Phoenix Environmental Technologies Inc.,Water and Wastewater Management,www.phoenixenvirotech.com ,"Mike Robertson, President and Founder<br />mrobertson@phoenixenvirotech.com<br /> 519-680-7939",London," PET manufactures and markets electrostatic water conditioning technologies and related services to prevent fouling of water distributing systems by scale, biofilm , iron, etc. The techologies also remove exisiting deposits from the water distribution systems."
Phoenix OHC Inc.,Air Pollution Prevention and Control,www.phoenix-ohc.ca ,"Tom Beardall, Vice President<br />tb@phoenix-ohc.ca<br /> 613-544-1945",Kingston," Provision of a global perspective and world class expertise in the anticipation, recognition, evaluation, communication and control of environmental factors that may affect human health, both in and out of the workplace. "
Pigmalion Environmental,Waste Management,www.pigmalion.ca,"Sandra Stokoe, Sales Representative<br />sandras@spill.ca<br /> 905-602-4349 Ext. 333",Mississauga,"We help your company acheive ISO 14001 goals for waste diversion. We are proud to provide a closed loop service ,recovered oils and coolants are shipped for refining and reuse, our pads are also recycled in the fiber reclycing industry."
Pilot Performance Resources Management Inc.,"Consulting;Education, Training and Information;Environmental Management Systems",,"Jayne Pilot, President<br />jpilot@pilotiso.com<br /> 905-792-3130",Brampton," Management Systems-International Standards ISO 14001(environment) ISO 9001(Quality)Auditing (ISO 19011). Training, Consulting, Auditing, Speaking Engagements, EHS Resources-Products."
Pinchin Ltd.,"Air Pollution Prevention and Control;Analytical Services, Data Collection and Analysis;Energy Efficiency and Renewable Energy;Contracting and Engineering;Consulting;Education, Training and Information;Environmental Management Systems;Environmental Design and Architecture;Remediation;Waste Management;Water and Wastewate Management",www.pinchin.com ,"Jose Barinque, CRM and Events Coordinator<br />info@pinchin.com<br /> 905-363-1295",Mississauga,"One of Canada's largest environmental, health and safety consulting firms, providing consulting services in a wide variety of environmental and occupational health and safety disciplines. "
Pine Environmental Services Inc. - Equipment Sales and Rentals,Equipment,www.pine-environmental.com ,"Dave Robbins, Business Relationship Manager<br />drobbins@pine-environmental.com<br /> 905-795-9700",Mississauga," We are dedicated to providing the latest instruments at competitive prices with the support on which you can rely. Speak to our expert staff if you any questions, need price quotes, or require technical service. We look forward to serving you! "
Planet Earth Recycling,Waste Management,www.planetearthrecycling.ca,"Marty Grinstein, President<br />mgrinstein@rogers.com<br /> 416-782-8546",Concord," Non hazardous recycling. Specialties include: organics, depackaging and compost production."
Planmac Inc.,Consulting,www.planmac.com,"Robert Maksymec, President<br />info@planmac.com<br /> 416-626-5300",Toronto," A civil engineering firm offering project initiation and planning studies, design and construction, and investigation services. Specialists in land development and buildings, transportation structures, environmental and water resources, and telecommunications. "
Plasco Energy Group Ltd.,Waste Management,www.plascoenergygroup.com ,"Lindsay Ames, Marketing Coordinator<br />lames@plascoenergygroup.com<br /> 613-591-9438 Ext. 337",Kanata, Plasma Technology Waste Disposal.
PMHubbard and Associates,Consulting,,"Pamela Hubbard, Principal<br />pmh@pmhubbard.ca<br /> 905-524-0852",Hamilton,"Specializes in environmental assessment and planning processes for large, complex and contentious projects as well as Class Environmental Assessments and watershed plans. The company also provides environmental assessment and consultation training."
Pollutech Environmental Limited,"Air Pollution Prevention and Control;Analytical Services, Data Collection and Analysis;Energy Efficiency and Renewable Energy;Contracting and Engineering;Consulting;Education, Training and Information;Environmental Management Systems;Research and Development;Remediation;Services;Waste Management;Water and Wastewater Management",www.pollutechgroup.com ,"Gregory Brown, President<br />gbrown@pollutechgroup.com<br /> 905-847-0065",Oakville,"Pollutech conducts environmental process consulting work associated with drinking water, wastewater, air emissions, compliance audits, environmental site assessments, greenhouse gas management,  and a range of other environmental areas."
Port of Entry Inc.,"Education, Training and Information",www.portofentry.com ,"Alejandra Rojo, President<br />arojo@portofentry.com<br /> 416-234-5057",Toronto,We provide online multimedia advertising and directory services for environmental companies interested in the Latin American and developing countries market.
Potter Environmental,Waste Management,www.potterenvironmental.com,info@potterpumping.com<br /> 1-807-939-2994,Oliver-Paipoonge, Chemical Waste Disposal
Pottinger Gaherty Environmental Consultants Ltd.,Air Pollution Prevention and Control;Energy Efficiency and Renewable Energy;Consulting;Environmental Management Systems;Environmental Design and Architecture;Remediation;Services;Water and Wastewater Management,www.pggroup.com ,"John Dewilde, Senior Environmental Engineer<br />jdewilde@pggroup.com<br /> 905-579-4908",Oshawa," Pottinger Gaherty offers a wide range of services such as site assessments, risk assessments, remediation planning and coordination, environmental impact assessments, EMS, permitting, approvals and GIS. "
Premier Environmental Services Inc.,Consulting;Remediation,www.premiercorp.ca ,"David Wade, President",Cambridge," Consulting Engineering firm who undertakes Phase I and II Environmental Site Assessments, remediation planning and management, expert witness testimony, site specific risk assessments, and environmental risk / insurance management"
Premier Focus Translations,Services,www.premierfocustranslations.com,"Gunther Kramer, President<br />info@premierfocus.com<br /> 519-883-8415",Waterloo,"We are a professional translation agency that offers the business quality and timely delivery that you require.Premier Focus helps you succeed, by effectively adapting your environmental products and services to meet the demands of the global marketplace."
Premier Recycling,Waste Management,www.premierrecycling.ca/ ,"Morris Lindenbaum, Chief Executive Officer<br />premier@persona.ca<br /> 705-268-7415",Timmins,Full service scrap metal recyclers operating throughout Ontario. Premier has a full range of on-site and mobile scrap processing equipment. The company buys and sells ferrous and non-ferrous metals.
Prevention and Regulatory Solutions Ltd.,Air Pollution Prevention and Control;Energy Efficiency and Renewable Energy;Environmental Management Systems;Environmental Design and Architecture;Waste Management;Water and Wastewater Management,www.pandrs.com ,"John McGeough, President<br />jmcgeough@pandrs.com<br /> 613-348-3403",Maitland,"Provides professional contract and consulting services in regulatory compliance and prevention for health, safety, environmental and sustainability. "
PriceWaterhouseCoopers LLP,Environmental Management Systems,ww.pwc.com/ca ,"Michael Harris, Partner<br /> 416-941-8256",Toronto,"We help organizations define their strategic vision for a sustainable future, improve their operational processes and sustainability management systems, and report on their sustainability performance. "
Procyon Consulting Inc.,Consulting,www.procyon.ca ,"George Chamberlin, Owner, Principal Consultant<br />gchamberlin@procyon.ca<br /> 705-739-9738",Barrie," Procyon Consulting (pr?´-s?-än), ISO 9001.2008 conforming, provides engineering services, emission/discharge control systems design, prepare C of A applications and provide advice, training and guidance towards environmental compliance."
Prominent Fluid Controls Ltd.,Equipment,www.prominent.ca ,"Todd Reeves, Ontario Sales Manager<br />sales@prominent.ca<br /> 519-836-5692 Ext. 242",Guelph,"ProMinent equipment is used in applications for municipal water and wastewater treatment, industrial water treatment, the pulp and paper industry, food and beverage processing, chemical and petrochemical applications, and other applications."
Protectolite Inc.,Water and Wastewater Management,www.protectolite.com ,"Karl Szasz, President<br />kszasz@protectolite.com<br /> 416-444-4484",Toronto,"Provides FRP Fiberglass Composite Parts for use in architecture, electrical, electronic, transportation, recreational, military and anti-corrosion and waste water applications. FRP products are light-weight, long lasting and have a low environmental impact. "
Purifics ES Inc.,Contracting and Engineering;Equipment;Remediation;Water and Wastewater Management,www.Purifics.com ,"Brian Butters, President<br />info@purifics.com<br /> 519-473-5788 Ext. 222",London,"A knowledge-based company that develops, manufactures, and supplies automated purification systems for air, water, and soil that provide significant environmental and economic benefit. The core of our business lies in patented photocatalytic chemical destruction processes. "
Pyramids Engineering Inc.,Contracting and Engineering,www.pyramidsengineering.com ,"Nader Tadros, Manager of Engineering<br />pyramids@ica.net<br /> 905-764-0117",Richmond Hill, Consulting Engineering.
Quatrex Environmental Inc.,Equipment,www.quatrex.ca ,"Graeme Cameron, Sales<br />camerong@quatrex.ca<br /> 905-848-1039",Mississauga," Manufacturing and wholesale supply of Spill Control products, Secondary Containment, Flammable / Hazardous Materials Storage buildings, Solidification Medias and Recycling equipment."
Quatrosense Environmental Ltd. (QEL) ,Energy Efficiency and Renewable Energy,www.qelsafety.com,"Simon Warland, Customer Service Manager<br />qel@dedesco.com<br /> 613-838-4005 Ext. 315",Richmond,"Manufactures fixed gas detection systems, and combustion analysers - example applications: CO detection in parking garages and arenas; H2S, CH4, and O2 detection in sewage treatment plants. "
Quinte Waste Solutions,Waste Management,www.quinterecycling.org ,"Clow Rick, General Manager<br />rick@quinterecycling.org<br /> 613-394-6266",City of Quinte West," Is a waste diversion services agency providing: waste diversion consultation for: blue box style collection, processing and marketing; hazardous waste management and organics management."
R and R Laboratories Ltd.,"Analytical Services, Data Collection and Analysis",www.randrlaboratories.com ,"Ramesh Makhija, President<br />rameshmakhija@hotmail.com<br /> 705-748-1506",Peterborough," R and R Laboratories offers consulting and analytical laboratory services. Testing mediums include industrial sludge, soil, surface and waste waters. We are not regulated by drinking water regulations"
R.V. Anderson Associates Ltd.,"Air Pollution Prevention and Control;Analytical Services, Data Collection and Analysis;Energy Efficiency and Renewable Energy;Contracting and Engineering;Consulting;Environmental Management Systems;Environmental Design and Architecture;Remediation;Water and Wastewater Management",www.rvanderson.com ,"Ken Morrison, President<br />kmorrison@rvanderson.com<br /> 416-497-8600",Toronto,"Comprised of environmental and infrastructure specialists for water, wastewater, transportation, and urban development, the company provides professional engineering, operations, and management services. "
Ram Lining Systems Inc.,Environmental Design and Architecture,www.ramlining.com,"Frank Kunc, President<br />ram.lining@hurontel.on.ca<br /> 519-524-1904",Central Huron," Supply and install liners for environmental protection including landfills, sewage lagoons, golf course ponds, secondary containment for hazardous chemical, canals, methane barriers, mining industry, agricultural industry (silo liners) and more."
RDC Group,Consulting,rdcgroup.ca,"Jack McGinnis, President<br />jack@rdc-group.com<br /> 905-427-0009",Brougham," Design services, education, and operations in the following areas: resource management, recycling, energy conservation, environmental protection. "
RDI Chemical Corporation,Water and Wastewater Management,,"James Damianoff, PAG, CCEP, President<br />rdi@kemmfg.com<br /> 905-456-9444 Ext. 225",Brampton," Integrated specialty chemical manufacturer and service company focusing on agriculture, agri-food, industrial, institutional, water ansd waste water chemistries, for production, processing, remediation and compliance."
REA North America,Equipment;Waste Management;Water and Wastewater Management,www.rea-na.com ,"Fisher Lowell, President<br />lfisher@rea-na.com<br /> 905-304-3066 Ext. 27",Ancaster," Distributor of Saturno vapour technology equipment which uses pure water that is superheated under pressure to 160 deg C and discharged at 145 psi as a dry (6% moisture) steam to: clean and sanitize surfaces, kill moulds, mildews and bacteria. "
"Read, Voorhees and Associates Limited",Contracting and Engineering;Consulting,readvoorhees.tripod.com,"Bryan Haigh, Associate<br />readvoorhees@rva.ca<br /> 416-445-4360 Ext. 2",North York,"Provides professional services in the fields of transportation planning, traffic engineering, parking, transportation energy management, transit planning and operations, feasibility and functional planning, and design. RVA was established in 1964. "
Recanex Corporation,Consulting;Waste Management ,www.recanex.com ,"Marianne Scott, Marketing<br />info@recanex.com<br /> 613-967-1833",Belleville," One Stop Resource Management Services include Waste Management-recycling and non-hazardous waste Waste Audits Marketing of waste such as cardboard, plastics, metals, E-Waste "
Recycling Resource Service,"Education, Training and Information",,"Larraine Roulston, President<br />roulstonlp@sympatico.ca<br /> 705-778-1922",Havelock," Freelance environmental writer and author of two children's adventure stories entitled, 'Pee Wee and the Magical Compost Heap' and 'Pee Wee's Great Adventure: a guide to Vermicomposting' - both are designed as a teacher's guide"
Regensis,Remediation,www.regenesis.com ,"Leonard Chan, Manager - Eastern Canada<br />lchan@regenesis.com<br /> 416-595-9841",Toronto,"Bioremediation products for the natural attenuation of groundwater contaminants such as BTEX, TPH, chlorinated solvents, and metals. These products include the widely used products Oxygen Release Compound (ORC) and Hydrogen Release Compound (HRC)."
REIC Ltd.,Waste Management,,"Alfred Von Mirbach, Senior Consultant<br />reic@ecoperth.on.ca<br /> 613-267-1128",Perth, Environmental Consulting firm specializing in waste minimization and greenhouse gas reductions.
Resource Futures International,"Air Pollution Prevention and Control;Analytical Services, Data Collection and Analysis;Consulting;Education, Training and Information",www.rfigroup.com ,"Thomas Conway, President<br />tconway@rfigroup.com <br /> 613-235-4343",Ottawa,"Specializing in policy analysis and capacity building for environment and sustainable development. Main business areas are policy development and management options, multilateral environmental agreements and institutional strengthening. "
Restoration Environmental Contractors,Consulting;Equipment;Remediation,www.environmentalhazards.com ,"Don Bremner, Vice President, Chief Executive Officer<br />rec@restorationenvironmental.com<br /> 905-888-0066",Gormley," Specialized environmental abatement service contractor including toxic mould, asbestos, demolition, PCBs, infectious disease control and hazardous materials."
Riskcheck Environmental Ltd.,Consulting,www.riskcheckinc.com ,"David Mably, Senior Engineer/Project Manager<br />dmably@riskcheckinc.com<br /> 416-640-2444",Toronto,"A full service environmental consulting firm experienced in Phase I, II and III ESAs, Property Condition Assessments, Hazardous Waste Management, Site Remediation, Contaminant Geology and Environmental Auditing."
Riversides,"Consulting;Education, Training and Information;Environmental Management Systems;Environmental Design and Architecture;Equipment;Research and Development;Water and Wastewater Management",www.riversides.org ,"Kevin Mercer, Executive Director<br />info@riversides.org<br /> 416-868-1983",Toronto,"A specialist nonprofit organization focussed on source protection of urban watersheds from nonpoint source pollution through the application of social marketing, individual lot level rain harvesting and low impact development design consulting."
Camplong and Associates Inc.,"Consulting;Education, Training and Information;Environmental Management Systems",,"Craig Camplong, Partner<br />camplong@interlog.com<br /> 905-939-8684",Schomberg," Facility compliance assessments and management systems development, environmental compliance approval applications, emergency preparedness and response, occupational health and safety assessment"
Robert J. Redhead Limited,Consulting,www.redheadlimited.com ,"Robert Redhead, President<br />rjr@redheadlimited.com<br /> 905-631-7573",Burlington, Government Affairs Consultancy.
Robinson Consultants Inc.,Energy Efficiency and Renewable Energy;Contracting and Engineering;Consulting;Remediation;Waste Management;Water and Wastewater Management,www.rcii.com,"Andrew Buzza, Project Manager<br />abuzza@rcii.com<br /> 613-592-6060 Ext. 140",, Civil and Environmental Engineering.
Robustion Technologies Inc.,"Analytical Services, Data Collection and Analysis;Energy Efficiency and Renewable Energy;Consulting;Research and Development;Waste Management",www.robustion.ca,"Karen Bennett, Marketing Coordinator<br />karen.bennett@robustion.ca<br /> 613-889-2274",, An innovator in the field of transforming agri-food by-products into environmentally friendly consumer goods. Robustion uses spent coffee grounds to create solid fuel products. Java-Log is the company's first application. 
Rocky Mountain Environmental Ltd.,Water and Wastewater Management,www.spilldepot.com ,"Ron MacMillan, President<br />sales@spilldepot.com<br /> 1-888-677-4556",Thorold," Specializing in Hazmat storage, handling, and response products. Full line supplier of personal protection and safety equipment. Training in spill response, TDG, WHMIS, and cofined space/fall arrest."
Rondar Inc.,"Analytical Services, Data Collection and Analysis;Contracting and Engineering;Consulting;Waste Management",www.rondar.com ,"Darvin Puhl, President<br />dpuhl@rondar.com<br /> 905-561-2808",Hamilton," PCB management services (e.g. disposal of contaminated transformers, storage site decommissioning, thermographic scanning)"
Rothsay,Waste Management,www.rothsay.ca ,"Debruyn Kevin, Ontario Raw Material Manager<br />debruyke@rothsay.ca<br /> 905-628-2258 Ext. 252",Dundas," Rothsay provides a rendering service for animal by-products and restaurant grease to convert them into protein meals, tallow and yellow grease products. "
Rowan Williams Davies and Irwin Inc.,Air Pollution Prevention and Control;Consulting;Waste Management;Water and Wasterwater Management,www.rwdi.com ,"Anton Davies, Vice President<br />aed@rwdi.com<br /> 519-823-1311 Ext. 2213",Guelph,A specialty consulting engineering firm - examples of goods and services: Dispersion Modelling - Noise and Vibration - Hazard and Risk Assessments - Stack Testing - Regional Atmospheric Modelling - Environmental Impact Assessments
RSP International Inc.,Waste Management,www.rspinternational.com ,"Fred Lemieux, Director<br />rspi@netrover.com<br /> 519-942-3407",Caledon," Specialists in the packaging, transportation and disposal of explosive or potentially explosive, shock sensitive or reactive chemicals."
Rubicon Environmental Inc.,Consulting,,"Paul Rew, President<br />crew@rubiconenvironmental.net<br /> 519-986-4425",Markdale, environmental consulting services
Rural Development Consultants Limited,"Analytical Services, Data Collection and Analysis;Contracting and Engineering;Consulting;Water and Wastewater Management",,"Bryan Whitehead, President<br />RDCL@sympatico.ca<br /> 905-939-9509",Schomberg," Consulting services in engineering, geology, geography, hydrogeology and environmental studies. "
S.A. Armstrong Limited,Energy Efficiency and Renewable Energy,armstrongfluidtechnology.com,"Steven Lane, Communications Manager<br />info@armlink.com<br /> 416-755-2291",Toronto," Manufacturer of Pumps, Heat Exchangers and Systems for HVAC applications."
S2S Environmental Inc.,"Air Pollution Prevention and Control;Analytical Services, Data Collection and Analysis;Consulting;Education, Training and Information;Environmental Management Systems;Remediation;Waste Management;Water and Wastewater Management",www.s2se.com ,"Saleem Dedhar, President<br />sdedhar@s2se.com<br /> 416-410-4333 Ext. 123",Pickering, A full service environmental consulting firm.
Safety Express Ltd.,Equipment,www.safetyexpress.com ,"Peter De Fina, Sales and Marketing Manager<br />peter@safetyexpress.com<br /> 905-608-0111 Ext. 247",Mississauga," Distributer of Environmental Products, Restoration and safety products. Fit Testing, DOP Testing. First Aid Training "
Safety-Kleen (London) Canada Inc.,Equipment;Remediation;Waste Management;Water and Wastewater Management,www.safety-kleen.com ,"Jeff Huston, Branch General Manager (London)<br />jhuston@safety-kleen.com<br /> 519-685-3040 Ext. 519",London," Provide safe, dependable industrial waste management services that meet the needs of our customers and the communities we serve, while conserving natural resources and protecting the environments."
SAIC Canada,"Air Pollution Prevention and Control;Analytical Servicesl, Data Collection and Analysis;Energy Efficiency and Renewable Energy;Consulting;Environmental Management Systems;Research and Development;Remediation;Water and Wastewater Management",,"Monique Punt, Program Manager<br />monique.punt@saiccanada.com<br /> 613-991-2737",Ottawa," Offers specialized services in the following areas: remediation solution development, treatability studies, environmental emergency management, NPRI reporting,  renewable energy solution development and implementation and greenhouse gas emissions reduction initiatives. "
Salandria Ltd.,Remediation,www.salandria.com ,"Korda Tomas, President<br />tkorda@salandria.com<br /> 416-421-8550 Ext. 1",Toronto," Environmental Mangers for disposal of liquid, solid waste as well as environmental remediators for soil contamination, asbestos, mold and demoliton services"
Sam Adelstein and Co. Limited,Waste Management,http://home.cogeco.net/~adelstein/,"Sid Morris, Sales and Marketing<br />smorris38@cogeco.ca<br /> 905-937-1247",St. Catharines, Metal Recycling
Sani Tech Communal Systems Inc.,Environmental Design and Architecture,www.sanitechinc.com ,"Scott Robinson, Marketing / Technical Sales<br />sales@sanitechinc.com<br /> 519-648-2103",Breslau," Provides turn-key solutions for wastewater treatment and disposal / reuse for residential, commercial and municipal development in non-sewer areas. Sani Tech provides a full complement of services from design and installation to operation and maintenance."
Satistar Management Consulting,"Consulting;Education, Training and Information;Environmental Management Systems",www.satistar.com ,"Graham Hill, Manager, Operations<br />graham.hill@satistar.com<br /> 905-567-1319 Ext. 606",Mississauga," Registered ISO 9001:2008 Sustained business process improvement consulting and training in Quality, Business Process Re-Engineering, ISO 9000, 14000, Auditing, Continuous Improvement, Six Sigma, Lean, Electronic Document Management"
Savanta Inc.,"Analytical Services, Data Collection and Analysis;Consulting;Education, Training and Information;Environmental Design and Architecture;Research and Development",www.savanta.ca ,"Tom Hilditch, President<br />tomhilditch@savanta.ca<br /> 905-704-4447",St. Catharines,"An environmental consulting firm with focus on Ecological Baseline, EIA and Resource Management • Mitigation and Net Gain Assessments • Sustainability Strategies and Assessments • Ecological Restoration • Environmental Leadership and Communications "
Schaefer System International Ltd.,Waste Management,www.ssi-schaefer.ca ,"Brian Dubblestyne, Director, Business Development<br />bdubblestyne@sympatico.ca<br /> 905-458-8874 Ext. 22",Brampton," Roll-Out waste and recycling containers for industrial, commercial and residential use.Containers are injection molded for maximum strength and durability. Available in a variety of sizes and colors. Models available to accommodate all types of dumping systems. "
Schlumberger Water Services,Environmental Management Systems,www.swstechnology.com ,"Allan Grawey, E-marketing and Content Specialist<br />agrawey@slb.com<br /> 519-746-1798 Ext. 351",Waterloo, Schlumberger Water Services offers dynamic Groundwater monitoring and modeling software fully supported by a wide range of groundwater training courses and renowned groundwater consulting services.
"School of the Environment, University of Toronto","Education, Training and Information",http://www.environment.utoronto.ca/ ,"Donna Workman, Ms.<br />D.workman@utoronto.ca<br /> 416-978-7077",Toronto," The School of the Environment has a thriving multi-disciplinary research and teaching program, both internationally and in Canada. Faculty members are drawn from engineering, physical sciences, health sciences, forestry, social sciences and the humanities. "
Scicorp International Corp.,Water and Wastewater Management,www.scicorp.net,"Ronald Roth, President<br />scicorp@bellnet.ca<br /> 1-800-897-2053",Barrie," Manufacturers and distribution of micronutrients for uses in waste and waste water treatment. Odour control products. Non toxic certified by ecologo, environment Canada."
Sealtrac Inc.,Equipment,,"William Selmeci, President<br />bill@sealtrac.com<br /> 905-689-8311",Carlisle," Seals, Pumps and Valves -- New and Reconditioned  OETC approved Mechanical Seal Course Consulting Services"
Seeker Gren Products Ltd.,Water and Wastewater Management,www.seekergreen.ca,"Eric Chung, Director<br />ericchung@seeker.com.hk<br /> 905-209-0526",Markham," Biodegradable disposable tableware and food tray. It is made by agricultural byproducts, with Environment Canada's Environmental Choice Program's Certificate. Microwave, oven and freezer friendly. Water, Oil and Grease resistance."
Seiwa Biodegrader Ltd.,Water and Wastewater Management,biodegrader.com ,"Christopher McLeod, Dr.<br />cmcleod@biodegrader.ca<br /> 416-483-7299",Toronto," Manufacturer, installer, and maintainer of biotoilets and non-potable water treatment units. Patent development."
Senes Consultants Limited,"Air Pollution Prevention and Control;Analytical Services, Data Collection and Analysis;Energy Efficiency and Renewable Energy;Consulting;Environmental Management Systems;Remediation;Waste Management;Waster and Wastewater Management",www.senes.ca ,"Donald Gorber, President<br />dgorber@senes.ca<br /> 905-764-9380 Ext. 301",Richmond Hill," Specializing in the fields of energy, nuclear, and environmental sciences, SENES provides services on range of environmental issues - e.g. preparation of environmental/risk assessments; assessment of water and waste treatment technologies; waste management strategies; remedial action projects; and public participation programs. "
Senstar-Stellar Corporation,Equipment,www.senstarstellar.com ,"Bill Land, Canadian Sales Manager<br />info@senstarstellar.com<br /> 613-839-5572",Carp, Outdoor Perimeter Security Company
Septrotech Systems Inc.,Equipment,www.seprotech.com,"Peter Ruddy, Sales Manager<br />pruddy@seprotech.com<br /> 905-660-7580",, Manufacturers of water and wastewater treatment sytems
Septech,Environmental Design and Architecture,,"Greg Ford, designer<br />gford@septech.ca<br /> 519-433-0808",, Providing innovative wastewater engineering design for treatment and disposal.
Service One Restoration Specialisits ,Remediation,www.service-one.ca ,"Douglas Plummer, Operations Manager<br />serviceone@bellnet.ca<br /> 705-445-9799",Collingwood," IICRC Certified Firm . Water, Mould, Asbestos Remediation. IAQA member. Dry Ice Blasting."
"SGS Canada Inc., Environmental Services ","Analytical Services, Data Collection and Analysis",www.sgs.ca,"Chris Sullivan, Senior Project Specialist<br />chris.sullivan@sgs.com<br /> 705-652-2111",Lakefield," SGS is the world’s leading inspection, verification, testing and certification company. We offer a competitive and comprehensive range of inorganic, organic and specialty analytical testing procedures, as well as superior data management support across Canada and Internationally."
SPL Consultants,"Air Pollution Prevention and Control;Contracting and Engineering;Consulting;Education, Training and Information;Environmental Management Systems;Environmental Design and Architecture;Remediation;Water and Wastewater Management",splconsultants.ca,"Shaheen Ahmad, President<br /> 416-798-0065",Toronto," Consulting Engineers: Environmental, Geotechnical, Building Science, Concrete Technology, Pavement and Transportation Engineering, Inspection and Testing, Quality Control"
Shamrock Septic Service,Waste Management,,"Bruce and Diane Wise, Owners/operators<br />info@shamrockseptic.com<br /> 705-292-9633",Ennismore, Maintenance of septic systems.
Sheridan Institute of Technology and Advanced Learning,"Education, Training and Information",www.sheridancollege.ca,"Christine Sova, Co-op Employment Advisor-Environmental Controls Post Diploma<br />christine.sova@sheridanc.on.ca<br /> 905-459-7533 Ext. 5654",Brampton, Education Institution/Colllege offering Environmental Controls Post Diploma Co-op students and Field Placement Opportunities
Simcoe Energy and Technical Services Inc. ,Waste Management,,"Janet Frederiks - PEGG, Inside Sales<br />jfrederiks-pegg@simcoeenergy.com<br /> 905-778-8105 Ext. 28",Bradford, Propane sales and services.
Simcoe Engineering Group Limited ,Air Pollution Prevention and Control;Energy Efficiency and Renewable Energy;Contracting and Engineering;Consulting;Remediation;Water and Wastewater Management,,"Don Cane, President<br />dcane@segl.com<br /> 905-831-1715 Ext. 338",Pickering,"Provides a wide range of consulting engineering services for municipal, institutional and industrial projects - for example, water supply, treatment, and distribution; biosolids management;  biocontainment, hazardous waste management."
Simpson Environmental Corporation,Equipment;Remediation;Waste Management;Water and Wastewater Management,www.senvc.com ,"Don Cooper, President<br />dcooper@senvc.com<br /> 905-332-7669",Burlington," Manufacture, supply, install and service wastewater and water treatment systems including disinfection and oxidation systems, dewatering, membrane and other treatment systems. "
Durham Disposal Services Ltd.,Waste Management,,"RON HARRIS, President<br />simtor@on.aibn.com<br /> 905-666-5533",, M.O.E. licensed waste transfer and recycling facility handling solid non-hazardous waste.
Six Sigma Management Inc.,Consulting;Environmental Management Systems;Research and Development,www.sixsigmamgmt.com ,"Paul Hader, President<br />paul.hader@sixsigmamgmt.com<br /> 905-727-0249",Aurora," Professional services firm providing evaluation, assessment, audit and systems implementation services across Canada."
SNC Lavalin ,Energy Efficiency and Renewable Energy,,"Brenda Tainsh, Administrative Assistant<br />brenda.tainsh@snclavalin.com<br /> 416-679-6116",Toronto," We offer the full spectrum of specialist services in environmental management and hold expertise in toxicology, risk assessment and site restoration, waste management and environmental impact assessment."
Soil and Materials Engineering Inc.,Consulting,www.ctsoil.com ,"Thomas O'Dwyer, Consulting Engineer<br />ctsoil@ctsoil.com<br /> 519-966-8863",Windsor, Geotechnical and Geo-Environmental consulting company.
Solares Architecture Inc.,Energy Efficiency and Renewable Energy,www.solares.ca,"Christine Lolley, Principal<br />christine@solares.ca<br /> 416-533-8374 Ext. 237",," Solares designs custom Environmentally Integrated Homes, which provide a lifestyle of plenty with a reduced ecological footprint. We offer the design and project management services required to build a unique home that will exceed industry standards and your expectations."
Solution Soil Treatment Facility ,Remediation,www.solutionstf.com ,"Neil Ryan, Director, Business Development<br />nryan@solutionstf.com<br /> 519-763-2227",Guelph,"Provides off-site disposal solutions for contaminated soil. Our soil treatment facility and unique partnership with Xstrata Nickel represents a turnkey, cost-effective and permanent solution for the treatment of hydrocarbon impacted contaminated soil. "
Sonic Soil Sampling Inc.,Contracting and Engineering,www.sonicsoil.com ,"Alan Archibald, Vice President of Administration<br />sonic@sonicsoil.com<br /> 905-660-0501",Concord," Provide cost-effective, environmental and geotechnical drilling service achieved by utilizing innovative and portable equipment, as well as a professional staff, to perform a variety of tasks including sample collection and the installation of monitoring wells."
Sourcetec Industries,Air Pollution Prevention and Control,www.sourcetecindustries.com ,"Danielle Murray, Product Representative<br />sales@sourcetecindustries.com<br /> 905-678-9333",Mississauga, Manufactures of exhaust and fume removal equipment
Southeastern Construction Management ,Contracting and Engineering;Consulting;Remediation ,www.southeasternconstructionmanagement.com,"John Royle, Owner<br />builder@kos.net<br /> 613-966-8350",Belleville,
Southwell Controls Ltd.,Air Pollution Prevention and Control;Equipment;Water and Wastewater Management,www.southwellcontrols.com ,"Alan Long, Eastern Canada Regional Manager<br />alan@southwellcontrols.com<br /> 519-641-2258",London," Manufacturer of Automatic Liquid Samplers and Distributor of Control Products and FRP decking, grating, handrails, etc. for Water and Wastewater Treatment Plants, and Continuous Emission Monitoring Systems"
SPD Sales Limited,Air Pollution Prevention and Control;Equipment;Water and Wastewater Management,spdsales.com ,"Frank Farkas, Sales Manager<br />sales@spdsales.com<br /> 905-678-2882 Ext. 257",Mississauga, Instrumentation and chemical feed products for the environmental and process control markets. 
Spectral Applied Research,"Air Pollution Prevention and Control;Analytical Services, Data Collection and Analysis;Research and Development",www.spectral.ca ,"Charlie Hersom, President<br />hersom@spectral.ca<br /> 905-326-5040 Ext. 400",Concord," Develops and calibrates optical instruments for environmental and remote sensing. We provide a mobile scanning lidar service that provides 3-D mapping of suspended particulate matter and aerosols within 10 km, proving both spatial and temporal resolution.  "
Spectrum Environmental,Air Pollution Prevention and Control;Consulting;Remediation;Water and Wastewater Management,www.spectrumenvironmental.ca ,"Bobker Ron, President<br />spectrum@chaltis.ca<br /> 905-842-6411",Oakville," Phase I, II and III Enviromental Site Assessments, Certificate of Approval for Air and Water: NPRI reporting"
Sphere Business Solutions Inc. ,Air Pollution Prevention and Control;Energy Efficiency and Renewable Energy;Equipment;Water and Wastewater Management,www.solargrid.ca ,"Tony Kebezes, Director<br />info@spherebusiness.com<br /> 416-425-8159",Toronto,Provide complete turnkey customized Solar Photovoltaic Grid Connected power generation systems. No batteries required!  
"Spilkleen, Division of Agramax Inc. ",Consulting;Equipment ,,"Stephen Laakso, President<br />steve@spilkleen.com<br /> 905-293-9995",,
Spill Green Inc.,Remediation,www.spillgreen.com ,"Glenn Burton, Owner<br />gtb@spillgreen.com<br /> 905-830-9008",Newmarket," Exclusive Canadian Distributor of Spill Green products. Spill Green products stop the waste cycle at the moment of clean-up by immediately neutralizing the hazardous characterists of the spill material. EPA and Environment Canada listed, BP's approved product list."
Spill Management Inc.,"Education, Training and Information",www.spillmanagement.ca ,"Cliff Holland, President<br />contact@spillmanagement.ca<br /> 905-578-9666",Stoney Creek," Provides response training for chemical spills as well as workshops in Emergency Response Planning and Incident Command. Other services include Plans for Emergency Response, and Environmental Preparedness, as well as Emergency Response Equipment, and Supplies Assessments using video."
Stablex Canada Inc.,Remediation;Waste Management,www.stablex.com ,"Rick Robert, Senior Accounts Manager<br />rrobert@stablex.com<br /> 514-513-6276",Blainville," Offers inorganic waste treatment and disposal services;  characterizes, treats and stabilizes inorganic industrial residues and contaminated soil before disposing of the benign product in a dedicated secure placement cell. "
Stantec Consulting Ltd.,"Air Pollution Prevention and Control;Analytical Services, Data Collection and Analysis;Energy Efficiency and Renewable Energy;Consulting;Education, Training and Information;Environmental Management Systems;Environmental Design and Architecture;Remediation;Water and Wastewater Management",www.stantec.com ,"Tom Hilditch, Principal, Environmental Management<br />thilditch@stantec.com<br /> 519-836-6050 Ext. 242",Guelph," Provides strategic advice on a range of services: Ecotoxicity Testing; Health, Safety and Emergency Management; Environmental Site Management; Environmental Due Diligence; Environmental and Social Impact Assessment; Regulatory Permitting; Risk Assessment; and, Water Resources Management."
Stantec Global Technologies Ltd. ,Air Pollution Prevention and Control;Energy Efficiency and Renewable Energy;Equipment;Research and Development,www.stantec.com/efsop ,"Howard Goodfellow, Vice President<br />hgoodfellow@stantec.com<br /> 905-567-3030",Mississauga," Provides steelmakers with real-time off-gas-based process control system for EAFs. System is low maintenance and reduces overall EAF conversion costs, including lower kWh and other sources of energy."
Stericycle Inc.,Waste Management,www.stericycle.ca,"Jean-Pierre Pepin, Area Manager<br />jppepin@stericycle.com<br /> 819-246-4516",Toronto, Biomedical Waste Management
Sterling Combustion Inc.,Energy Efficiency and Renewable Energy,www.sterlingcombustion.com ,"John Williams, President<br />jwilliams@sterlingcombustion.com<br /> 905-702-1604",Georgetown," Packaged boilers, burners and combustion control systems"
Steven Rowe Environmental Planner ,Consulting,srplan.ca ,"Steven Rowe, Principal<br />steven@srplan.ca<br /> 416-489-7434",Toronto, Environmental planning consultancy with experience in environmental assessment and land use planning. 
Stirling Engineering Inc. ,Air Pollution Prevention and Control;Energy Efficiency and Renewable Energy;Contracting and Engineering;Consulting;Environmental Management Systems;Remediation;Services;Water and Wastewater Management,stirlingengineering.ca ,"Robert Wilson, President<br />rwilson@stirlingengineering.ca<br /> 613-362-7847",Ingleside," Professional engineering services for environmental compliance, specializing in permitting and approvals, remediation and design of abatement systems."
Stoddard Silencers of Canada ,Equipment,www.stoddardsilencers.com ,"Miguel Castro, Sales Manager - Canada<br />miguel@stoddardsilencers.com<br /> 416-291-4390",Toronto," We provide 'engineered noise reduction solutions' to industry (e.g. power generation, oil and gas, pulp and paper, cement fabrication, petrochemical industries, fertilizer manufacturers, etc."
Imbrium Systems,Water and Wastewater Management,www.stormceptor.com ,"Tim Patriquin, Division Manager<br />tpatriquin@stormceptor.com<br /> 416-960-9900 Ext. 223",Toronto, The Stormceptor System is a state-of-the-art oil and sediment separator designed to remove free oil and suspended solids from stormwater runoff. 
Strata Soil Sampling Inc.,Contracting and Engineering,www.stratasoil.com ,"Johan Fenelius, Operations Manager<br />jfenelius@stratasoil.com<br /> 905-764-9304 Ext. 241",Richmond Hill, Environmental and Geotechnical drilling company utilizing Geoprobe Direct Push and many other state of the art soil and ground water sampling technoligies. With offices throughout Ontario.
Strategic Alternatives,Consulting,www.pathcom.com/~stratalt ,"Jim Joe, Principal<br />StratAlt@pathcom.com<br /> 416538-3533",Toronto, Strategic Alternatives is a boutique management consulting firm that specializes in helping organizations do what they do better when delivering environmental programs and services.
Strategies for the Environment Inc.,Consulting;Environmental Management Systems,www.strategies4enviro.com ,"Ada Poon, Consultant Assistant<br />info@strategies4enviro.com<br /> 416-789-3713",Toronto," Provide professional services to companies registering to standards for Quality Management Systems, Environmental Management Systems, and Occupational Health and Safety Management Systems. "
Sun-mar Corp.,Water and Wastewater Management,www.sun-mar.com ,"Angela West, Webmaster<br />compost@sun-mar.com<br /> 1-888-341-0782",Burlington," Sun-Mar is the world leader in composting toilets and composting technology. For over thirty years, we have been providing the sanitation solution to cottages, rural residential areas, and many other applications. "
Sustainable Edge Inc.,Air Pollution Prevention and Control;Energy Efficiency and Renewable Energy;Contracting and Engineering;Consulting;Environmental Management Systems;Environmental Design and Architecture;Research and Development;Remediation;Waste Management;Water and Wastewater Management,www.s-edge.com ,"Kerry Philpot, Office Manager<br />info@s-edge.com<br /> 416-488-4425",Toronto," Specializes in energy-efficient and environmental appropriate design and engineer of residential, institutional and commercial buildings. Related activities include research, development, technical transfer and policy definition for the low energy building industry. "
Sustainable Resources Management Inc.,"Air Pollution Prevention and Control;Analytical Services, Data Collection and Analysis;Energy Efficiency and Renewable Energy;Contracting and Engineering;Consulting;Education, Training and Information;Research and Development;Services;Water and Wasterwater Management",www.sustainable.on.ca ,"David Katz, Chief Executive Officer<br />dkatz@sustainable.on.ca<br /> 416-493-9232",Toronto," Professional Consulting Services in the areas of energy efficiency, renewable energy and environmental economics. Former utility and government energy experts that help companies deal with the emerging Climate Change opportunities."
Sustainable Urban Development Association ,"Education, Training and Information",www.suda.ca ,Leslie Luxemburger<br />soulart@yorku.ca<br /> 416-729-0926,Mississauga," A registered Charitable Corporation, we provide research, policy input and sustainable development solutions for 905 municipalities in Ontario, and through growth management strategies, help them to manage their greenfield lands in a sustainable way."
Sustainability Network,Consulting,sustainabilitynetwork.ca,info@sustainabilitynetwork.ca<br /> 416-324-2792,Toronto, NGO management and strategy advice provider
Systems Approach Strategies ,"Education, Training and Information",www.systemsapproach.com ,"Andre Cornellier, President<br />acornellier@systemsapproach.com<br /> 905-985-2955",Port Perry,"Provides strategic and tactical ways to improve performance in safety, health, environment, operations and production, management and project management systems, and employee effectiveness, through tailored approaches for a client’s specific needs. "
T. Harris Environmental Management Inc. ,"Air Pollution Prevention and Control;Consulting;Education, Training and Information;Environmental Management Systems;Remediation;Waste Management;Water and Waste Management",www.tharris.ca ,"John Fisher, Chief Operating Officer<br />jfsiher@tharris.ca<br /> 416-679-8914",Toronto," Industrial hygiene, engineering, scientific, and technical professionals providing a wide range of environmental/occupational health and safety consulting services to industrial, real estate, banking, commercial, institutional, and government clients. "
Tadger Group International,Air Pollution Prevention and Control;Energy Efficiency and Renewable Energy,www.tadgergroup.com ,"Bill Johnston, General Manager<br />bjohnston@tadgergroup.com<br /> 705-308-0331",Grimsby," Emission Reduction unit for Diesel and Gas combustion engines. Effective at reducing soot and lowering CO, NOx, and CO2 levels. Return on investment included in installation."
Tafler Rylett Architects,Energy Efficiency and Renewable Energy;Environmental Desgin and Architecture,www.taflerrylett.com,"Catherine Tafler, Partner<br />trarchitects@sprint.ca<br /> 416-535-6070",Toronto,"Undertake environmentally responsible projects that are integrated with the surrounding landscape, and designed using a collaborative process input from the client and the surrounding community. Firm's expertise includes institutional, residential and religious work.  "
Tanktek Environmental Services Ltd. ,Contracting and Engineering;Consulting;Remediation;Waste Management,www.tanktek.com ,"Thomas Burt, President<br />inquiries@tanktek.com<br /> 877-789-6224",Pickering," Precision Leak Testing of Underground Storage Tanks and Product Lines, Tank Removals, Soil and Groundwater Remediation Including In-Situ (Mobile C of A), Phase I, PII, PIII Environmental Site Assessments, Designated Substance Surveys. "
Taylor Label,Consulting,www.taylorlabel.com ,"Lloyd Taylor, President<br />lloyd@taylorlabel.com<br /> 905-792-3777 Ext. 201",Brampton,A manufacturer of 'green' label products including FSC-certified and recyclable labels. The companies production facilities are powered by 100% renewable energy. Products are packaged in recycled corrugate and shipped carbon-free.
TBT Engineering Limited,Contracting and Engineering;Consulting,www.tbte.ca ,"Doug Steele, Environmental Scientist<br />dsteele@tbte.on.ca<br /> 807-624-5680",Thunder Bay," Geotechnical Investigations, Civil, Environmental Engineering, Construction Admininstration, Highway Design, Project Management, Engineering Surveys, Material Testing Laboratory, Aggregate Investigations and Permitting, Field Testing and Inspection, Drilling Services"
Lambton Scientific,Consulting;Water and Wastewater Management,www.lambtonscientific.com ,"Chris James, General Manager<br />cjames@techchemservices.com<br /> 519-344-4747",Sarnia," Founded in Sarnia, ON in 1984, Technical Chemical Services (TCS) Inc. is a chemical manufacturer and distributor of defoamers, utility and wastewater treatments and other speciality chemicals."
TechnoScientific Inc. ,Contracting and Engineering,www.technoscientific.com ,"Dr. Mirek Macecek, President<br />macecektsi@aol.com<br /> 905-760-1745",Concord," IR temperature measurements of liquid, air, tanks UT flowmetry (Water, Sewers, sludge) UT inspection of concrete structure (water tanks) and UT inspection of water treatment plants"
Tekran Instruments Corporation ,Equipment,www.tekran.com ,"Eric Prestbo, Chief Scientist<br />eprestbo@tekran.com<br /> 416-449-3084",Toronto," Manufacturer of mercury monitoring equipment for air, water and point emission sources."
Terra-Con Environmental and Risk Management Consulting Inc. ,Air Pollution Prevention and Control,,"Grant Mackay, President<br />terracon@execulink.com<br /> 519-686-5126",London," A full service multi-disciplinary consulting firm. Twenty plus years experience. Health, safety and environmental work. Management is our specialty. Call or email us for more information."
Terrachoice Environmental Services ,Consulting,www.terrachoice.com ,"Kevin Gallagher, Vice President<br />kgallagher@terrachoice.ca<br /> 613-247-1900 Ext. 222",Ottawa, Environmental Marketing and Recognition Programs and Consulting
Terrafix Environmental Technology Inc. ,Contracting and Engineering;Environmental Design and Architecture,www.terrafixgeo.com ,"Andrew Smith, Project Estimator<br />asmith@terrafixgeo.com<br /> 416-674-0363 Ext. 230",Toronto,Supply and installation of a wide variety of Geomembrane lining systems including spray applied membranes for all types of applications.
Terrafix Geoxynthetics Inc.,Energy Efficinecy and Renewable Energy;Environmental Design and Architecture;Water and Wastewater Management,www.terrafixgeo.com ,"Chris Elliott, Technical Sales<br />celliott@terrafixgeo.com<br /> 416-674-0363 Ext. 234",Toronto,"Geosynthetic solutions. Geosynthetic/Geotechnical Systems - Landfill/Pond Liners, Retaining Walls and Reinforced Slope Systems, Geotextiles, Erosion Control Mats"
Terrapex Environmental Ltd. ,Consulting;Remediation,www.terrapex.com ,"Michael Osborne, President<br />m.osborne@terrapex.com<br /> 416-245-0011 Ext. 231",Toronto," Provides environmental engineering consulting services. The Terrapex team of professionals includes engineers, geologists, hydrogeologists, biologists, and technologists. "
Terraprobe Limited,Consulting;Environmental Management Systems;Envrionmental Design and Architecture;Remediation;Waste Management;Water and Wastewater Management,www.terraprobe.ca,"Paul Bowen, Principal<br />pbowen@terraprobe.ca<br /> 905-796-2650",Brampton,"Consulting Geotechnical and Environmental Engineering Construction Materials Engineering, Inspection and Testing"
Terratechnik Environmental Ltd. ,Equipment;Remediation;Waste Management;Water and Wastewater Management,www.terratechnik.ca ,"Barry Harris, President<br />barry@terratechnik.ca<br /> 905-855-4943",Mississauga,"A full service environmental remediation contractor specializing in: Excavation and disposal of hazardous and non-hazardous materials, soil screening and treatment, plant decommissioning."
Testmark Laboratories Ltd. ,"Analytical Services, Data Collection and Analysis;Education, Training and Information;Equipment;Research and Development",www.testmark.ca ,"Sylvia Rennie, Director of Marketing and Business Development<br />sylvia.rennie@testmark.ca<br /> 705-693-1121 Ext. 126",Garson,"Offers a full range of services in the field of analytical testing. Testmark's facilities are ISO/IEC 17025 certified, accredited by the SCC and CAEAL, and licensed by the Ontario Ministry of the Environment and Climate Change to perform Drinking Water testing. "
The AMD Consultancy,Consulting,,"Dennis A. Durrant, Principal<br />ddurrant@sympatico.ca<br /> 613-294-5114",Ottawa," National and international consulting in environmental management, standardization and public-private partnerships."
The Armstrong Monitoring Corporation,Water and Wastewater Management,www.armstrongmonitoring.com ,"David Robinson, Sales Development Manager<br /> Liquid Monitoring<br />drobinson@armstrongmonitoring.com<br /> 613-225-9531",Nepean," A Canadian ISO-9001 manufacturer of liquid, petroleum, vapour and gas monitoring and detection equipment, and systems. Air Quality Monitoring Service (industrial and commercial)"
The Atlas Corporation (Dewatering Division) ,Contracting and Engineering;Equipment;Remediation;Water and Wastewater Management,www.atlasdewatering.com ,"Russell Thomas, Project Manager<br />russell@atlascorp.com<br /> 905-669-6825 Ext. 313",Concord," Groundwater Control, Pump Rentals, Bypass Pumping, Drilling Services, Environmental Services, Pump and Treat Systems, Emergency Services, Dual - Phase Extraction Systems, Aquifer Pump Tests."
The Brady Group Inc.,"Analytical Services, Data Collection and Analysis;Energy Efficiency and Renewable Energy;Contracting and Engineering;Consulting;Environmental Management Systems;Environmental Design and Architecture;Equipment;Research and Development;Waste Management",www.bradygroup.ca ,"Adrian Boerstra, Major Account Executive<br />aboerstra@bradygroup.ca<br /> 905-430-7542 Ext. 222",Whitby," Our solutions reduce the landfill stream by lowering consumption of electronic or mechanical goods. We also provide engineering services aimed at increasing efficiency, and lengthening the useful life of high tech products.  "
The Cannington Group,Contracting and Engineering;Environmental Design and Architecture;Remediation;Waste Management,www.thecanningtongroup.com ,"Frank Apollinaro, Vice President<br />fapollinaro@thecanningtongroup.com<br /> 905-841-1848 Ext. 105",Gormley," Full service contractor specializing in providing cost effective solutions for your environmental, demolition and waste management needs (e.g. on-site soil processing, water treatment, landfill reclamation and construction). "
The Delphi Group,"Air Pollution Prevention and Control;Analytical Services, Data Collection and Analysis;Energy Efficiency and Renewable Energy;Consulting;Environmental Management Systems",www.delphi.ca ,"Michael Gerbis, President and Chief Executive Officer<br />info@delphi.ca<br /> 613-562-2005 Ext. 224",Ottawa," Provides strategic consultancy to business leaders and policy makers in the areas of health and the environment, clean energy, climate change, environmental technologies and organizational sustainability. "
Sentinel Solar,Energy Efficinecy and Renewable Energy;Consulting;Equipment,www.sentinelsolar.com,"Adam Green, Operations Manager<br />info@energydepot.ca<br /> 905-760-7511",Kettleby, Renewable energy systems integrator serving the Ontario consumer and commercial markets.
The Mitchell Partnership Inc. ,Contracting and Engineering,www.tmptoronto.com ,"Cindy Mitchell, Executive Assistant<br />cmitchell@tmptoronto.com<br /> 416-499-8000 Ext. 218",Toronto, Mechanical Consulting Engineers
The Timeless Material Company,Energy Efficiency and Renewable Energy;Consulting;Environmental Design and Architecture;Waste Management;Water and Wastewater Management,www.timelessmaterials.com ,"Catherine Darnell, Retail Sales Manager<br />info@timelessmaterials.com<br /> 519-883-8683",Waterloo,"All of our materials are salvaged from unwanted buildings, recycled through our retail operation (e.g. remilled T and G flooring, timbers and mantle pieces,  enviromental paint and paper line)."
"The Ventin Group Ltd., Architects ",Energy Efficiency and Renewable Energy,www.ventingroup.com ,"Peter Berton, Partner<br />pberton@ventingroup.com<br /> 416-588-6370",Toronto," Typical projects include Academic Buildings, Administrative Offices, Courthouses, Cultural Centres, Multi-use Facilities, Heritage Structures and new buildings within a Heritage Context. "
Think Plastics Inc.,Energy Efficiency and Renewable Energy;Contracting and Engineering;Environmental Design and Architecture;Research and Development;Waste Management;Water and Wastewater Management,www.thinkplastics.ca and www.baleboard.ca ,"Lisa Lackenbauer, Vice President<br />info@thinkplastics.ca<br /> 519-662-6665",New Hamburg," Manufacturer of Baleboard (solid polyethylene lumber made from recycled agricultural bale wrap and greenhouse film) and Nusheet (made from recycled greenhouse film). Ideal for commercial, industrial, residential and marine applications. "
TAF Engineering,Air Pollution Prevention and Control,www.tafeng.ca,"Karen Hachborn, Office Manager<br />taf@tafeng.ca<br /> 416-494-0601",Toronto, Mechanical and electrical consulting engineers.
Thomson Metals and Disposal,Waste Management,www.thomsonmetals.com,"Annano Jim, Sales Manager<br />jannand@thomsonmetals.com<br /> 905-681-8832 Ext. 40",Burlington," Metal recovery and recycling, demolition, and general waste and recycling service"
Toronto Recycling Inc.,Waste Management,www.torontorecycling.com ,"Jason Lim, Chief Executive Officer<br />jason@torontorecycling.com<br /> 905-881-0999 Ext. 222",Richmond Hill, We Remarket and Recycle IT Assets(Computers/Laptops/Monitors/LCDs/TVs/etc) for ICIs clients. 
Toronto Renewable Energy Co-operative ,Energy Efficiency and Renewable Energy,www.trec.on.ca ,"David Timm, Project Manager<br />info@trec.on.ca<br /> 416-977-5093",Toronto,"Provides public education and outreach on the benefits of renewable energy and community-based green power solutions, develops projects and provides technical assistance for real, on-the-ground community-focused green power projects, and advocates for progressive renewable energy policy."
Toxprobe Inc.,Consulting;Research and Development,www.toxprobe.com ,"Pavel Muller, Ph. D., President<br />mullerpavel@toxprobe.com<br /> 416-467-5106",Toronto,"Provides consultation services in environmental and occupational health, toxicology, risk assessment, management and communication. "
Trancels Construction Technologies ,Energy Efficiencyand Renewable Energy,www.trancels.com ,"Gene Latour, Director of Marketing<br />genel@trancels.com<br /> 416-410-2564",Toronto," Innovative construction technologies and products, mainly with structural and environmental applications utilizing FRP composite reinforcement, synthetic toppings and aerated slabs. "
Trans-cycle Industries Ltd.,Waste Management,www.transcycle.ca ,"Peter Demeter, Vice President<br />canada.tci.pcb@on.aibn.com<br /> 905-697-5997",Kirkland Lake, PCB Remediation recycling and destruction
Transition Plus Sustainability Solutions Inc. ,"Consulting;Education, Training and Information;Environmental Management Systems",www.sustainabilitycoaching.ca ,"John Walker, President and Chief Executive Officer<br />jwalker@sustainabilitycoaching.ca<br /> 416-203-7906",Toronto,"Our coaching framework and suite of facilitated discovery, envisioning and opportunity mapping tools offer unparalleled clarity around how to realize commercial opportunities through sustainability."
Tread Lightly,Energy Efficiency and Renewable Energy,www.treadlightly.ca,"Heather Gray, Owner<br />heather@treadlightly.ca<br /> 519-826-7555",Guelph," We are a website based retailer of green-living, environmentally friendly products."
Tri-Phase Group,Remediation,www.triphasegroup.com,"Atrache Camille, Chief Operating Officer<br />catrache@pcbdisoposal.com<br /> 905-823-7965 Ext. 25",Mississauga,"An environmental remediation company offering a full line of on-site services (e.g. asbestos and mold abatement, demolition and decommissioning, soil clean up and remediation environmental services, PCB Management)."
Trojan Technologies Inc.,Equipment,www.trojanuv.com ,"Diana Cunningham, Invester Relations Manager<br />dcunningham@trojanuv.com<br /> 519-457-3400 Ext. 2214",London," Designs, manufactures and sells UV systems for municipal wastewater and drinking water facilities, as well as for the industrial, commercial and residential markets. The company also provides UV treatment for the removal of toxic chemicals from water. "
EXP Services Inc.,"Air Pollution Prevention and Control;Energy Efficiency and Renewable Energy;Contracting and Engineering;Consulting;Education, Training and Information;Environmental Management Systems;Environmental Design and Architecture;Research and Development;Remediation;Waste Management;Water and Wastewater Management",www.exp.com,"Rob Petrov, National Marketing Manager<br />rob.petrov@trow.com<br /> 905-796-3200 Ext. 3022",Brampton," Specializes in Buildings, Environment, GeoScience, Infrastructure, and Materials and Quality Management."
Try Recycling,Waste Management,www.tryrecycling.com ,"Jim Graham, President<br />jim.graham@tryrecycling.com<br /> 519-858-2199",Middlesex Center,"Recycles construction, demolition and solid wastes. "
Tulloch Engineering and Surveying ,Contracting and Engineering;Consulting;Environmental Design and Architecture;Water and Wastewater Management,tulloch.ca,"Marshall Thompson, Project Engineer<br />thompson@tulloch.on.ca<br /> 705-842-3372",Thessalon,"Provides consulting engineering services;  has expertise in completion of Class Environmental Assessments, Environmental Audits and Environmental Inspections during construction of transportation and land development projects."
Tulsar Canada Ltd.,Water and Wastewater Management,www.tulsar.com ,Bob Irwin<br />birwin@tulsar.com<br /> 519-748-5055,Kitchener," Environmental automation company. SCADA systems, PLC and electromechanical control panels, non-mercury level controls"
Turf Care Products Canada,Equipment,www.turfcare.ca,"Ronald Craig, President<br />ronc@turfcare.ca<br /> 905-836-0988 Ext 218",Newmarket, Sales and service throughout Eastern Canada for commercial turf maintenance and irrigation systems
U-Box-It,Environmental Management Systems,www.uboxit.com ,"Tony Mammone, V.P. Logistics<br />stuart.weinstein@7soo.com<br /> 1-877-782-6948",Toronto, Offers a one time use container designed specifically for the Do-It-Yourself home renovation and clean up. The U-Box-It container was developed to eliminate the large bulky metal containers which take up space and to avoid damage to driveways and parking lots. 
"University of Toronto, Department of Physical and Environmental Sciences ","Air Pollution Prevention and Control;Analytical Services, Data Collection and Analysis;Education, Training and Information;Remediation",,"Donald Cormack, Professor and Chair<br />donald.cormack@utoronto.ca<br /> 416-287-7197",Toronto," Department of Physical and Environmental Sciences University of Toronto, Scarborough"
Upper Canada Organic Products,Energy Efficiency and Renewable Energy;Remediation; Water and Wastewater Management,www.ucorganic.ca,"David Smorenburg, President<br />info@ucorganicproducts.com<br /> 416-233-3205",Toronto," Distributors of low and minimum risk solutions for emission control, fuel economy, pest control."
Urban and Environmental Management Inc.,Environmental Management Systems,www.uemconsulting.com ,"Rublyn Casino, Marketing Manager<br />rcasino@uemconsulting.com<br /> 905-212-9722 Ext. 30",Mississauga, Engineering Consulting Firm
Urban Tree Salvage,Waste Management,www.urbantreesalvage.com ,"Sean Gorham, President<br />sean@urbantreesalvage.com<br /> 647-438-7516",Scarborough," Salvaging logs from urban dumpsites, and turning into kiln dried lumber."
URS Canada Inc. ,"Air Pollution Prevention and Control;Analytical Services, Data Collection and Analysis;Energy Efficiency and Renewable Energy;Consulting;Environmental Management Systems;Environmental Design and Architecture;Remediation;Waste Management;Water and Wastewater Management",www.urs.ca ,"David Legault, Manager Environmental Services<br />david_legault@urscorp.com<br /> 905-882-4401 Ext 548",Markham," Specializes in environmental site assessments, clean-ups, property redevelopment, due diligence audits, site decommissioning, air monitoring, permitting, and environmental management systems. "
US Filter/Wallace and Tiernan ,Equipment,,"Wayne Harrison, District Sales Manager<br />harrisonw@usfilter.com<br /> 905-944-2800 Ext 2777",Markham," Over 90 years of experience in the design and manufacture application and service of chemical feed equipment and various analytical instruments (primarily chlorie residual measurement) - e.g. gas chlorination/de-chlorination, ultraviolet disinfection, pumps."
Valcoustics Canada Ltd.,Consulting,www.valcoustics.com,"Alfred Lightstone, President<br />solutions@valcoustics.com<br /> 905-764-5223 Ext 226",Richmond Hill," A firm of consulting engineers, specializing in acoustics (assessment, measurement and control of noise and vibration) - environmental and architectural."
Van Dyk Baler Corp.,Equipment;Waste Management,,"Don Holliday, Canadian Regional Sales Manager<br />dholliday@vandykbaler.com<br /> 519-940-3000",Orangeville, Van Dyk Baler Corporation is the exclusive representative of Bollegraaf Recycling Machinery and Lubo B.V. Screening and Recycling Systems in the North and Latin American Markets. 
Vertex Environmental Inc.,Contract and Engineering,vertexenvironmental.ca,"Bruce Tunnicliffe, Environmental Engineer<br />brucet@vertexenvironmental.ca<br /> 519-249-9184",Cambridge, Environmental Contracting Work Permanganate Injections
Vicinia Corporation,"Analytical Services, Data Collection and Analysis:Consulting;Education, Training and Information;Environmental Management Systems;Equipment;Water and Wastewater Management",vicinia.ca ,"Hauschild Chris, President<br />mail@vicinia.ca<br /> 705-792-5750",Barrie," Environmental, health and safety services, HAZMAT management,  auditing and inspections, training development and instruction.  "
Vida Stripinis and Associates Limited ,Contract and Engineering;Consulting;Water and Wastewater Treatment,,"Vida Stripinis, President<br />vida.stripinis@sympatico.ca<br /> 905-279-2085",Mississauga," Engineering and Environmental consulting firm, specializing in wastewater and drinking water treatment, regulatory approval and compliance matters."
Vigor Clean Tech Inc.,Energy Efficiency and Renewable Energy,www.vigorcleantech.com ,"Jerry Enns, Vice President<br />info@vigorcleantech.com<br /> 519-896-2610",Kitchener, Generator of Renewable Energy utilizing Patented Hydro Kinetic and Small Wind 'Gorlov Helical Turbines'. Capture solar through ground and roof mounted solar pv tracker systems.
Virtual Engineers Collective Inc.,"Air Pollution Prevention and Control;Analytical Services, Data Collection and Analysis;Energy Efficiency and Renewable Energy;Contract and Engineering;Consulting;Environmental Managemtn Systems;Environmental Design and Architecture;Services;Waste Management;Water and Wastewater Management",www.vecollective.com ,"R. Anthony Warner, President<br />rawarner@vecollective.com<br /> 905-707-0704 Ext. 222",Richmond Hill, Offer effective strategic innovative solutions to challenging process changes and environmental issues.
W. Ralston (Canada) Inc.,Waste Management,www.ralston.ca ,"Wayne Riviere, Marketing Manager<br />wriviere@cttgroup.com<br /> 905-791-3980 Ext. 227",Brampton," A leading Canadian manufacturer of garbage bags and polyethylene film products, including BIOSAK compostable plastic films and bags."
W.D. Hooper and Sons Ltd.,Energy Efficiency and Renewable Energy;Equipment;Remediation;Water and Wastewater Management,www.wdhopperwaterwells.com ,"Ron Hopper, Manager<br />wdhopper@tcc.on.ca<br /> 1-888-522-1737",Seaforth," Provides water well drilling and environmental drilling for water source heat pump wells and re-injection wells, down hole video services, in-hole flow profiling, pumping tests, submersible pumps, water level meters, digital flow meters and related equipment."
Walters Forensic Engineering Inc.,Contract and Engineering,www.waltersforensic.com ,"Fred Stanley, Engineer<br />fstanley@waltersforensic.com<br /> 416-971-8900 Ext. 202",Toronto,
Wardrop Engineering Inc.,"Air Pollution Prevention and Control;Analytical Services, Data Collection and Analysis;Contract and Engineering;Consulting;Environmental Management Systems;Remediation;Water and Wastewater Management",www.wardrop.com ,"Jim Mucklow, Senior Hydrogeologist<br />thunderbay@wardrop.com<br /> 807-345-5453",Thunder Bay," A Canadian, full service environmental, engineering and information technology consulting firm with offices across Canada, the US and Africa."
Wasser Resources Inc.,Consulting,wasserresources.com,"Leon Wasser, President<br />leon.wasser@sympatico.ca<br /> 416-473-4614",Toronto,"Consults to the broad ennvironmental sector by providing business development, administrative and operational support to businesses involved in the environmental sector."
Waste Care Services Ltd.,Waste Management,,"Jim Halloran, President<br />wastecare@magma.ca<br /> 613-443-7788",Vars,
Waste Management of Canada Corporation,Waste Management,www.wm.com ,"Marietta Poole, Senior Administrative Assistant<br />mpoole@wm.com<br /> 905-633-3981",Burlington,"Leads the development and implementation of technical programs and procedures necessary to ensure advanced protection of the environment, compliance with governmental regulations and implementation of state-of-the-art technology."
Waste Services (CA) Inc.,Waste Management,www.wasteservicesinc.com,"Peggy Offley, Executive Assistant<br />poffley@wsii.ca<br /> 613-824-7289 Ext. 223",Ottawa-Navan, Waste Services - Waste and Recycling Collection / Landfill Sites / Compactors Sales and Service / Material Recycling Facilities / Transfer Stations.
Waste Solutions Canada,Energy Efficiency and Renewable Energy;Consulting;Waste Management,www.wastecanada.com,"Chris Hollister, Waste Reduction Specialist<br />chris@wastecanada.com<br /> 877-488-4088",Tillsonburg,Specializes in the reduction of costs associated with waste management. Our proven system can be applied to any business who has a waste or recycling expense. 
Waste Solutions Group Inc.,,wastesolutions.ca,"Jason Tower, Partner<br />jason@wastesolutions.ca<br />416 744-9183 ex 222",Toronto," Manufacturers / service providers of apartment compactors, TriSorter Recycling Systems, containers, odour control systems, garbage chute and compactor cleaning. The Apartment Specialists"
Water and Earth Science Associates Ltd.,Air Pollution Prevention and Control;Consulting;Environmental Management Systems;Environmental Design and Architecture;Remediation;Waste and Wastewater Management,www.wesa.ca ,"Brian Lewis, Business Devlopment and Analitical Consultant<br />blewis@wesa.ca<br /> 519-742-6685",Carp,"Works with industry and Government in the areas of Assessments, Engineering, Geosciences, Industrial Hygiene, Hydrogeology, Remediation and Training. "
Water Bridge Environmental,Water and Wastewater Management,www.waterbridge.ca ,"Brian Young, President and Senior Consultant<br />waterbridge@cogeco.ca<br /> 905-919-0331",Burlington, Industrial Wastewater Treatment Consultants and brokers of equipment and chemicals.
Water Matrix,Energy Efficiency and Renewable Energy,www.watermatrix.com ,"Sean Kimmons, Vice President National Sales Manager<br />kimmons@canada.com<br /> 905-850-8080 Ext. 230",Woodbridge, Water Conservation consultants Water COnservation product manufacturer Water Conservation service provider
Waterloo Barrier Inc.,Remediation,www.waterloo-barrier.com ,"Robin Jowett, Manager<br />robin@waterloo-barrier.com<br /> 519-856-1352",Rockwood,"A containment wall for the control of contaminated groundwater or soil gases. Formed of steel sheet piling with specially designed sealable joints, the Barrier offers a long service life, exceptionally low hydraulic conductivity, and documentable construction."
Waterloo Biofilter Systems Inc.,Water and Wastewater Management,www.waterloo-biofilter.com ,"E. Craig Jowett, President<br />info@waterloo-biofilter.com<br /> 519-856-0757",Rockwood,"On-site treatment of residential, commercial and communal sewage wastewaters, fully scalable from 2-bedroom house/ cottage to more than 200,000 L/day. A flexible, modular system with low maintenance and energy requirements, and a small footprint. "
Watson Process Systems,"Air Pollution Prevention and Control;Analytical Services, Data Collection and Analysis;Energy Efficiency and Renewable Energy;Contracting and Engineering;Consulting;Environmental Management Systems",www.watsonprocess.com ,"David Cui, Technical Director<br />contact@watsonprocess.com<br /> 905-475-2511",Mississauga, Gas Process Equipment and Air Pollution Control and Protection
WCI Environmental Solutions Inc.,Contracting and Engineering;Equipment;Waste Management,www.wcienvironmental.ca ,"Phil Kerrigan, Vice-President<br />phil@wciwasteconversion.ca<br /> 613-741-4242",Ottawa," Specializes in the design, development and operation of sustainable waste systems, focusing on the organic residue and waste wood components of the solid waste stream, developing and promoting composting and wood recycling technologies that generate value added end products. "
WE Communications Inc.,"Consulting;Education, Training and Information",www.watertreatment.ca ,"Todd Latham, President<br />todd@renewcanada.net<br /> 416-444-5842",Toronto," A national, full service business publishing, creative design and marketing communications firm. Publishers of Canadian Water Treatment and ReNew Canada magazines - both serving the environmental industries. "
WEC Ltd.,Energy Efficiency and Renewable Energy;Contracting and Engineering,www.greentown.ca ,Robin Wentzel<br />wec@greentown.ca<br /> 613-255-7666,Ottawa,"Provides comprehensive, independent renewable energy consulting and project development services, from small on-site systems to utility scale commercial projects, concept to completion"
Well Busters Canada Inc.,Contracting and Engineering;Equipment;Remediation;Water and Wastewater Management,www.wellbusters.com ,"Abe House, Manager<br />ahouse@wellbusters.com<br /> 613-968-1474",Belleville," We are a network of Ministry of the Environment (MOE) licensed water well contractors, consultants, technicians and assistants that provide prompt and reliable well and water supply services including well upgrades, abandonment, rehabilitation, flow testing and certification. "
WESA (Water and Earth Science Associates) Ltd. ,"Air Pollution Prevention and Control;Analytical Services, Data Collection and Analysis; Consulting;Education, Training and Information;Environmental Management Systems;Remediation;Water and Wastewater Management",www.wesa.ca ,"Brigitte Roth, EMS Specialist / Senior Environmental Auditor<br />broth@wesa.ca<br /> 519-742-6685 Ext. 219",Kitchener," WESA is a leading environmental sciences, health, safety and engineering consulting group providing professional services to business, industry, government and other professionals."
Wessuc Inc.,Consulting;Waste Management;Water and Wastewater Management,www.wessuc.com ,"Hank Vanveen, Vice President<br />hank@wessuc.com<br /> 519-752-0837",Brantford," Wessuc provides a wide range of services to municipal, industrial, construction, and agricultural clients ranging from biosolids management, hydrovacing, and confined space entry tank cleaning, to technical assistance, Nutrient Management Planning, waste haulage, and mobile dewatering."
WH Engineering,Air Pollution Prevention and Control;Contracting and Engineering;Equipment,www.wheng.ca ,"Weihai (Wayne) Xue, P. Eng.<br />wayne@wheng.ca<br /> 416-335-0100",Scarborough, Turn-Key projest services for air pollution prevention and control. 
"White, Duncan, Linton LLP",Services,www.kwlaw.net,"Steve O'Melia, Lawyer<br />sjo@kwlaw.net<br /> 519-886-3340",Waterloo," Full-service law firm that specializes in municipal, land use planning, expropriation and environmental law."
Wiebe Industrial Sales,Equipment,,"Larry Wiebe, Manager<br />lwiebe@tbaytel.net<br /> 807-767-8957",Thunder Bay," Supplier of aboveground fuel storage tanks and systems, mobile refueling tanks, pumps, Hazardous containment buildings, Spill kits, and absorbents."
Willms and Shier Environmental Lawyers,Services,www.willmsshier.com ,"Doug Petrie, Partner<br />dpetrie@willmsshier.com<br /> 416-862-4835",Toronto," Full service environmental law firm. Defense of prosecution, appeals of orders and approvals; contaminated site issues; environmental assessment; toxic tort civil litigation;"
Wind Energy Solutions Canada,Energy Efficiency and Renewable Energy,windenergysolutions.ca ,"Johan De Leeuw, Director<br />info@windenergysolutions.ca<br /> 905-597-8791",Smithville," Brings together WES Netherlands to deliver turnkey wind energy projects, service, and maintenance across the North American continent. Provides wind turbines up to 500 kilowatts for agricultural operations, medium-sized commercial business, and small utilities. "
Wind Oak and Dove,"Education, Training and Information",www.windoakdove.ca ,Dr. Joanna Beyers<br /> 416-651-5930,Toronto,"Leadership development for sustainability: seminars and coaching - Team coaching - Cross-disciplinary issues, research and conflict management - Environmental Education - Stakeholder relations and meetings"
Wind Simplicity,Energy Efficiency and Renewable Energy,www.windsimplicity.ca ,"Sharolyn Vettese, Chief Executive Officer<br />svettese@windsimplicity.ca<br /> 416-222-9807",Toronto," The high-efficiency, compact and noise-free Windancer (3kW, 7 kW and 23 kW) horizontal wind turbine is adaptable to urban, rural, commercial and industrial use. The Windancer is also lightweight, portable, vibration-free, safe, low maintenance/easily installed and durable. "
Windsor Waste Audit and Assessment,Waste Management,,"Todd Pike, President<br />windsorwasteaudit@yahoo.ca<br /> 519-919-1706",Lakeshore, CONDUCT WASTE AUDITS AND AASSESSMENTS OF RECYCLING PROGRAM PERFORMANCE.
Wozco Computer Recycling,Waste Management,,"Aaron Wozniak, President<br />aaron@wozco.ca<br /> 519-936-9493",London," Wozco is an environmentally responsible recycler for computers, computer peripheral devices and precious metal bearing scrap."
WrapOptions.com,Waste Management,www.WrapOptions.com,L. Griffin<br />sales@wrapoptions.com<br /> 905 257-1119,Oakville, WrapOptions is an environmentally-friendly alternative to traditional gift wrap made of a high quality natural hemp fabric that contrasts beautifully with the 100% silk satin ribbon trim. 
Wright Environmental Management Inc.,"Energy Efficiency and Renewable Energy;Consulting;Education, Training and Information;Environmental Management Systems;Equipment;Research and Development;Remediation;Waste Management",www.wrightenvironmental.com,"Edward Boyd, Manager Sales and Marketing<br />eboyd@wrightenvironmental.com<br /> 905-881-3950 Ext. 208",Richmond Hill,"Supplies continuous loading, in-vessel compost technology, with internal mixing and the addition of water. "
WSI Waste Services,Waste Management,www.wasteservicesinc.com,"Normand G. Castonguay, P.Eng.<br />ncastonguay@ceri.biz<br /> 613-824-7289 Ext. 226",Ottawa-Navan, Landfill Site / Waste and Recycling Collection / Compactors Sales and Service / Material Recycling Facilities / Transfer Stations
XCG Consultants Ltd.,"Analytical Services, Data Collection and Analysis;Consulting;Education, Training and Information;Environmental Management Systems;Remediation;Waste Management;Water and Wastewater Management",www.xcg.com ,"Deborah Molloy, Marketing Coordinator<br />deborahm@xcg.com<br /> 905-829-8880 Ext 263",Oakville,"Environmental engineering firm employing a multi-disciplinary team of environmental specialists and offering a full range of environmental services (e.g.site assessments and audits, remediation and decommissioning, hydrogeological investigations)."
Yuma Eng.,Air Pollution Prevention and Control;Energy Efficiency and Renewable Energy;Contracting and Engineering;Consulting;Environmental Management Systems;Environmental Design and Architecture;Remediation;Research and Development;Waste Management,,"Irina Klimento, Principal<br />yumaeng@gmail.com<br /> 819-595-0627",Gatineau,"Provides range of environmental services - for example: water/wastewater treatment and distribution, hydraulics and modeling, stormwater management, erosion and sedimentation control, site remediation/delineation, pollution prevention plans. "
Zero Waste Energy Systems Inc.,Energy Efficiecny and Renewable Energy;Environmental Management Systems;Envrionmental Design and Architecture;Equipment;Research and Development;Waste Management,www.zwes.ca ,"Bruce Coxhead, President and Chief Operating Officer<br />bcoxhead@zwes.ca<br /> 905-265-0314",Kleinburg,"Provides sustainable, cost-effective solutions for biomass and hazardous waste reduction; is positioned to provide a variety of proven, innovative solutions for specific waste applications. "
Zimmark Inc.,Environmental Management Systems; Equipment;Water and Wastewater Management,www.zimmark.com ,"Paul Bokrossy, Vice President of Sales and Marketing<br />pbkrossy@zimmark.com<br /> 905-632-5410 Ext. 114",Burlington,"Provides On-Site Industrial Fluid Maintenance Programs designed to minimize fluid usage and liquid waste generation rates, through on-site recycling and waste treatement initiatives. "
Zorbit Technologies Inc.,Waste Management,www.peatsorb.ca ,"Meredith Bond, President<br />mbond@peatsorb.ca<br /> 905-855-8500 Ext 2",Mississauga,"Offers solutions for spill control problems (e.g. Zorbit markets Peat Sorb™, a 100% natural oil absorbent manufactured from Canadian sphagnum peat moss). "
